Time,Open,High,Low,Close,Volume_(BTC),Volume_(Currency),Weighted_Price
00:00:00,3810.47,3812.37,3810.47,3812.37,15.07919959,57472.725191,3811.3909726
00:01:00,3812.31,3816.54,3812.31,3814.67,37.03158477,141242.86634,3814.1188722
00:02:00,3816.61,3817.0,3816.61,3817.0,1.4276739,5449.2777295,3816.8924497
00:03:00,3815.7,3815.7,3812.53,3813.34,15.73104048,60017.241126,3815.2111554
00:04:00,3813.34,3813.67,3813.34,3813.67,7.60362745,28997.534497,3813.6448278
00:05:00,,,,,,,
00:06:00,3813.91,3815.63,3813.91,3815.63,24.42462202,93174.801306,3814.7898964
00:07:00,3816.37,3818.34,3816.37,3817.41,2.80371787,10703.265019,3817.5256982
00:08:00,3816.22,3816.22,3816.22,3816.22,0.01189218,45.38317516,3816.22
00:09:00,3817.16,3817.16,3817.16,3817.16,2.0,7634.32,3817.16
00:10:00,3816.16,3816.16,3816.16,3816.16,0.02483124,94.759984838,3816.16
00:11:00,3815.96,3816.1,3815.96,3816.1,1.35516925,5171.4559445,3816.0959928
00:12:00,3816.1,3816.1,3806.69,3806.69,10.21542665,38913.814777,3809.3186032
00:13:00,3809.14,3812.5,3808.86,3812.5,4.15861589,15840.031594,3808.9672173
00:14:00,3810.11,3810.11,3810.11,3810.11,0.02487067,94.759988474,3810.11
00:15:00,3811.91,3813.84,3811.91,3813.84,3.6029416,13735.642529,3812.3411517
00:16:00,3813.65,3813.65,3811.92,3811.92,0.14239652,543.0324885,3813.5235924
00:17:00,3811.27,3812.14,3811.27,3812.14,3.168833,12077.284093,3811.271876
00:18:00,3812.14,3812.14,3812.14,3812.14,2.57392228,9812.1520805,3812.14
00:19:00,3813.09,3813.87,3813.09,3813.77,5.95097601,22693.944284,3813.4827372
00:20:00,3810.43,3810.43,3810.43,3810.43,0.61863884,2357.2799951,3810.43
00:21:00,3810.43,3810.43,3807.71,3807.71,1.85450881,7065.0095061,3809.6392252
00:22:00,3804.38,3809.0,3804.35,3807.96,5.20632875,19810.813778,3805.1407679
00:23:00,3809.2,3809.2,3809.2,3809.2,0.03657949,139.33859331,3809.2
00:24:00,3809.23,3810.51,3809.23,3810.51,7.39918784,28191.843442,3810.1267398
00:25:00,3810.9,3810.9,3810.9,3810.9,0.017,64.7853,3810.9
00:26:00,3811.07,3811.07,3805.48,3805.56,1.08014228,4113.5432568,3808.3346361
00:27:00,3805.42,3809.27,3804.4,3809.27,0.42834987,1630.24688,3805.876911
00:28:00,3807.01,3807.01,3807.01,3807.01,0.42,1598.9442,3807.01
00:29:00,3806.41,3806.55,3804.3,3804.3,4.77898988,18190.370735,3806.3212502
00:30:00,3804.74,3808.7,3804.74,3808.7,1.38343788,5265.3120818,3805.9620587
00:31:00,3807.67,3808.46,3807.17,3808.46,1.00177151,3814.0962663,3807.351505
00:32:00,,,,,,,
00:33:00,3808.52,3808.52,3808.52,3808.52,0.043745,166.6037074,3808.52
00:34:00,3808.18,3808.18,3808.18,3808.18,0.01119694,42.639962969,3808.18
00:35:00,3807.04,3807.04,3807.04,3807.04,0.0084,31.979136,3807.04
00:36:00,3807.65,3809.3,3807.26,3809.3,0.36024987,1372.1102705,3808.7738116
00:37:00,,,,,,,
00:38:00,3808.53,3808.53,3808.53,3808.53,0.0944566,359.7407948,3808.53
00:39:00,3809.46,3809.46,3809.46,3809.46,0.987916,3763.4264854,3809.46
00:40:00,3810.61,3810.61,3810.61,3810.61,0.0215,81.928115,3810.61
00:41:00,3811.87,3811.87,3811.86,3811.86,0.38024523,1449.4450534,3811.8691283
00:42:00,3811.87,3811.87,3811.86,3811.86,0.09768534,372.36362207,3811.8680046
00:43:00,3811.87,3812.14,3811.86,3812.14,3.02629484,11535.84632,3811.8712584
00:44:00,,,,,,,
00:45:00,3813.22,3813.22,3813.22,3813.22,0.05419352,206.65181433,3813.22
00:46:00,3813.72,3813.72,3810.16,3810.64,1.9482587,7424.1801279,3810.6746952
00:47:00,3814.11,3814.11,3811.41,3811.41,10.52580288,40129.009329,3812.4416528
00:48:00,,,,,,,
00:49:00,,,,,,,
00:50:00,3810.63,3810.63,3810.63,3810.63,0.002947,11.22992661,3810.63
00:51:00,3810.61,3811.36,3810.15,3810.15,0.59112631,2252.6118767,3810.7115834
00:52:00,3811.66,3813.46,3811.66,3813.38,0.89609842,3417.1947102,3813.4145022
00:53:00,3813.38,3813.38,3813.38,3813.38,0.003821,14.57092498,3813.38
00:54:00,,,,,,,
00:55:00,3812.64,3812.64,3810.77,3810.77,0.02,76.2341,3811.705
00:56:00,3810.93,3810.93,3810.93,3810.93,0.02680042,102.13452459,3810.93
00:57:00,,,,,,,
00:58:00,3810.72,3810.72,3810.72,3810.72,0.97021115,3697.2030335,3810.72
00:59:00,3811.49,3811.49,3811.49,3811.49,1.23987312,4725.7639981,3811.49
01:00:00,3810.15,3813.65,3810.15,3812.98,2.28887943,8726.5374351,3812.5806544
01:01:00,3812.98,3812.98,3812.17,3812.17,0.67690055,2580.4728516,3812.1890307
01:02:00,3812.62,3812.62,3812.62,3812.62,0.0793839,302.66064482,3812.62
01:03:00,,,,,,,
01:04:00,3813.12,3815.22,3813.12,3815.22,0.21360474,814.65288788,3813.8333816
01:05:00,,,,,,,
01:06:00,3815.23,3816.11,3815.23,3816.11,0.73891547,2819.6298164,3815.9030781
01:07:00,3816.11,3816.11,3816.11,3816.11,0.001766,6.73925026,3816.11
01:08:00,3816.11,3816.11,3815.23,3815.23,4.83361349,18441.353673,3815.2313401
01:09:00,3813.66,3813.66,3813.66,3813.66,0.00500001,19.068338137,3813.66
01:10:00,3813.16,3813.16,3813.16,3813.16,0.263493,1004.7409679,3813.16
01:11:00,3811.18,3816.05,3811.18,3816.05,2.74407001,10461.055427,3812.2407185
01:12:00,,,,,,,
01:13:00,3816.41,3817.53,3816.41,3817.53,0.04345845,165.87016443,3816.7528853
01:14:00,,,,,,,
01:15:00,3817.54,3817.54,3817.54,3817.54,0.02994761,114.32619908,3817.54
01:16:00,3816.66,3816.91,3816.57,3816.85,1.59090792,6072.0183289,3816.7000444
01:17:00,3819.02,3821.54,3819.02,3819.46,3.37889117,12907.35437,3819.9970703
01:18:00,3821.53,3822.39,3818.59,3818.59,7.48360057,28595.774465,3821.1251653
01:19:00,,,,,,,
01:20:00,,,,,,,
01:21:00,3819.04,3819.04,3818.71,3818.81,1.37607106,5254.9357255,3818.7967745
01:22:00,3817.5,3817.5,3817.5,3817.5,0.03532374,134.84837745,3817.5
01:23:00,3818.83,3818.83,3818.83,3818.83,0.01423898,54.376243993,3818.83
01:24:00,,,,,,,
01:25:00,3818.47,3818.47,3818.47,3818.47,0.03045992,116.31029072,3818.47
01:26:00,3816.19,3816.19,3816.19,3816.19,0.07657437,292.22234505,3816.19
01:27:00,,,,,,,
01:28:00,3815.13,3815.13,3815.13,3815.13,0.7239276,2761.8779046,3815.13
01:29:00,3815.13,3815.13,3815.13,3815.13,0.25483385,972.22426615,3815.13
01:30:00,3813.09,3813.09,3813.09,3813.09,0.62,2364.1158,3813.09
01:31:00,3811.54,3811.81,3810.72,3811.81,0.38679879,1474.0487444,3810.8928532
01:32:00,3809.44,3811.81,3809.01,3809.01,8.17149125,31127.471581,3809.2767438
01:33:00,3809.33,3809.39,3808.5,3809.39,0.48775665,1857.9604859,3809.1956017
01:34:00,3810.82,3810.82,3810.82,3810.82,0.010932,41.65988424,3810.82
01:35:00,3810.47,3810.59,3809.2,3810.59,1.03839951,3956.8122725,3810.4912747
01:36:00,3811.64,3811.64,3811.63,3811.63,0.14016016,534.2388018,3811.6309356
01:37:00,3811.64,3811.64,3811.64,3811.64,0.01815699,69.207909364,3811.64
01:38:00,3810.84,3811.81,3810.83,3811.81,0.39028375,1487.4335564,3811.1593332
01:39:00,3812.35,3812.35,3812.35,3812.35,0.00276516,10.541757726,3812.35
01:40:00,3812.35,3812.35,3812.35,3812.35,0.009061,34.54370335,3812.35
01:41:00,3812.59,3812.59,3812.59,3812.59,5.33834219,20352.91005,3812.59
01:42:00,3811.39,3811.39,3811.39,3811.39,0.01556564,59.32672464,3811.39
01:43:00,3811.39,3812.59,3811.39,3812.59,2.94789359,11239.077575,3812.5791288
01:44:00,3812.59,3814.7,3812.32,3812.74,3.24773368,12383.107883,3812.8458497
01:45:00,,,,,,,
01:46:00,3812.74,3812.74,3812.74,3812.74,0.37889829,1444.6406662,3812.74
01:47:00,,,,,,,
01:48:00,,,,,,,
01:49:00,3811.16,3812.74,3811.16,3812.74,2.62065847,9989.1378513,3811.690064
01:50:00,,,,,,,
01:51:00,3811.12,3812.75,3811.12,3812.75,2.39497732,9127.834413,3811.2404392
01:52:00,,,,,,,
01:53:00,3812.75,3812.75,3812.75,3812.75,0.02111035,80.488486963,3812.75
01:54:00,3812.75,3812.75,3812.57,3812.57,0.90374622,3445.7573645,3812.7488538
01:55:00,3812.74,3812.74,3812.74,3812.74,0.25,953.185,3812.74
01:56:00,3812.74,3812.74,3812.74,3812.74,0.0052379,19.970750846,3812.74
01:57:00,3811.61,3811.61,3811.61,3811.61,0.10468017,398.99998277,3811.61
01:58:00,3811.61,3811.61,3810.94,3810.94,2.31631745,8828.7041327,3811.5259775
01:59:00,3811.61,3811.61,3811.61,3811.61,0.06225897,237.30691264,3811.61
02:00:00,3812.39,3813.89,3812.39,3813.89,0.55484945,2115.5396457,3812.817415
02:01:00,3813.11,3813.11,3813.06,3813.06,3.15743825,12039.590678,3813.0882457
02:02:00,3813.06,3813.9,3813.06,3813.9,0.5270661,2009.8390185,3813.2579927
02:03:00,3814.02,3814.02,3814.02,3814.02,0.00270581,10.320013456,3814.02
02:04:00,3814.01,3814.02,3814.01,3814.02,0.00539588,20.579967179,3814.0149854
02:05:00,,,,,,,
02:06:00,3814.01,3814.01,3812.8,3812.8,0.27614522,1053.1167837,3813.6339412
02:07:00,3813.5,3813.5,3813.5,3813.5,0.0626014,238.7304389,3813.5
02:08:00,3811.04,3811.04,3811.04,3811.04,0.47213594,1799.3289528,3811.04
02:09:00,3812.26,3812.26,3812.26,3812.26,0.02119477,80.79997388,3812.26
02:10:00,,,,,,,
02:11:00,3812.26,3812.62,3811.42,3812.62,0.25361919,966.85387672,3812.2268142
02:12:00,3812.92,3812.92,3812.92,3812.92,0.0492719,187.86981295,3812.92
02:13:00,,,,,,,
02:14:00,3812.71,3812.71,3812.71,3812.71,0.06213428,236.8999907,3812.71
02:15:00,,,,,,,
02:16:00,3811.47,3811.98,3810.59,3810.73,0.62430429,2379.2869914,3811.1014605
02:17:00,3811.01,3811.01,3811.01,3811.01,0.0200637,76.462961337,3811.01
02:18:00,,,,,,,
02:19:00,3811.6,3811.69,3811.6,3811.69,0.15600085,594.61760994,3811.6305772
02:20:00,3810.13,3810.13,3809.46,3809.97,0.26707472,1017.4817149,3809.7267871
02:21:00,3811.34,3813.61,3811.34,3813.61,7.13097395,27190.753738,3813.0490911
02:22:00,,,,,,,
02:23:00,3813.14,3813.14,3810.16,3810.16,3.9995,15240.676888,3810.6455527
02:24:00,3811.02,3812.44,3808.55,3808.55,20.19221162,76917.364987,3809.2590566
02:25:00,,,,,,,
02:26:00,3810.69,3810.69,3810.69,3810.69,0.46629852,1776.9191072,3810.69
02:27:00,3810.61,3811.42,3810.61,3811.42,9.75444689,37172.819934,3810.8588169
02:28:00,3812.15,3812.16,3811.61,3812.16,6.04211494,23030.567363,3811.6731627
02:29:00,,,,,,,
02:30:00,3811.1,3811.1,3811.1,3811.1,0.94334,3595.163074,3811.1
02:31:00,3812.26,3812.26,3811.72,3811.72,2.64450083,10080.44379,3811.8512482
02:32:00,3811.72,3811.72,3811.41,3811.41,0.13611131,518.81010805,3811.6605302
02:33:00,,,,,,,
02:34:00,3810.82,3810.82,3810.82,3810.82,0.10826573,412.5812092,3810.82
02:35:00,3811.06,3811.06,3811.06,3811.06,0.01271174,48.445203844,3811.06
02:36:00,3811.06,3811.06,3810.06,3810.06,0.4081433,1555.3460913,3810.7843282
02:37:00,3809.38,3809.61,3808.33,3809.61,3.03998753,11577.839709,3808.5155267
02:38:00,3809.76,3809.76,3809.25,3809.25,2.53875671,9670.7787635,3809.2577857
02:39:00,3808.28,3808.85,3808.28,3808.85,3.42943395,13061.4335,3808.6266395
02:40:00,3809.06,3810.45,3809.06,3810.45,0.15944008,607.45850105,3809.9485465
02:41:00,3809.62,3809.62,3809.61,3809.61,1.92035918,7315.8244423,3809.612555
02:42:00,3809.22,3809.22,3809.14,3809.14,0.31127831,1185.708553,3809.1589259
02:43:00,3808.91,3808.91,3808.91,3808.91,1.0,3808.91,3808.91
02:44:00,3808.91,3808.91,3808.91,3808.91,0.04932416,187.87128627,3808.91
02:45:00,3808.91,3808.91,3808.91,3808.91,0.6278952,2391.5963062,3808.91
02:46:00,3809.3,3809.3,3809.3,3809.3,0.77724795,2960.7706159,3809.3
02:47:00,3809.3,3809.3,3809.0,3809.0,4.12431654,15710.344308,3809.1994529
02:48:00,3808.52,3808.52,3807.64,3807.64,0.61692422,2349.0603834,3807.6968082
02:49:00,3807.61,3807.61,3807.0,3807.0,0.908,3457.0590576,3807.3337639
02:50:00,3807.82,3807.82,3803.9,3803.9,5.19942836,19787.862768,3805.7765965
02:51:00,3801.33,3804.47,3801.3,3804.3,8.83959142,33620.124065,3803.3572444
02:52:00,3804.3,3807.44,3804.3,3807.44,7.46715779,28409.891497,3804.6459304
02:53:00,,,,,,,
02:54:00,3805.3,3807.0,3805.3,3807.0,1.0181375,3874.8915805,3805.862745
02:55:00,3805.15,3805.15,3803.81,3803.81,0.84664982,3221.2656294,3804.7201491
02:56:00,3805.08,3808.41,3805.08,3808.41,4.35402596,16578.158217,3807.5469391
02:57:00,3807.61,3808.53,3807.61,3808.53,0.24395824,929.11414781,3808.4966829
02:58:00,3808.88,3808.88,3808.88,3808.88,0.037088,141.26374144,3808.88
02:59:00,,,,,,,
03:00:00,3808.88,3808.88,3808.88,3808.88,0.09723352,370.35080966,3808.88
03:01:00,3807.83,3808.88,3807.83,3808.88,0.14910657,567.87272101,3808.5023417
03:02:00,,,,,,,
03:03:00,3808.88,3809.57,3808.88,3809.57,0.11518418,438.7434074,3809.0596069
03:04:00,3809.57,3809.57,3809.57,3809.57,0.3448,1313.539736,3809.57
03:05:00,3809.57,3809.57,3809.57,3809.57,0.02074345,79.023624817,3809.57
03:06:00,3809.57,3809.57,3809.57,3809.57,0.24405392,929.74049201,3809.57
03:07:00,,,,,,,
03:08:00,3809.57,3811.73,3809.57,3811.73,7.6614202,29187.865221,3809.7199291
03:09:00,3810.14,3810.14,3810.14,3810.14,0.00209577,7.9851771078,3810.14
03:10:00,3810.38,3810.38,3810.38,3810.38,0.00416424,15.867336811,3810.38
03:11:00,3810.73,3810.73,3810.73,3810.73,1.6932733,6452.6073625,3810.73
03:12:00,,,,,,,
03:13:00,3809.75,3809.75,3809.75,3809.75,0.016045,61.12743875,3809.75
03:14:00,3811.21,3811.21,3811.21,3811.21,0.02486349,94.759981723,3811.21
03:15:00,,,,,,,
03:16:00,3811.21,3811.21,3811.21,3811.21,1.15960916,4419.5140267,3811.21
03:17:00,,,,,,,
03:18:00,3808.1,3808.1,3808.1,3808.1,0.4,1523.24,3808.1
03:19:00,,,,,,,
03:20:00,,,,,,,
03:21:00,3808.77,3809.56,3808.77,3809.56,1.84995023,7046.4571316,3808.9982192
03:22:00,,,,,,,
03:23:00,3809.82,3809.82,3809.17,3809.17,0.04273276,162.79574816,3809.6240018
03:24:00,,,,,,,
03:25:00,,,,,,,
03:26:00,3809.32,3809.32,3805.7,3805.7,2.42489312,9232.2195814,3807.2686607
03:27:00,3804.84,3804.84,3804.24,3804.74,0.77074885,2932.4719142,3804.7048843
03:28:00,,,,,,,
03:29:00,3804.7,3804.7,3802.43,3803.03,22.74363917,86497.989848,3803.1727993
03:30:00,3804.07,3805.15,3804.07,3805.0,2.20985403,8408.3958308,3804.9553123
03:31:00,3805.56,3805.56,3805.56,3805.56,2.5,9513.9,3805.56
03:32:00,3805.78,3806.1,3805.78,3806.1,0.96719365,3680.9636893,3805.8187099
03:33:00,3807.05,3807.28,3807.05,3807.28,0.1125,428.29531,3807.0694222
03:34:00,3806.54,3806.93,3806.54,3806.93,0.06695582,254.88536175,3806.7693257
03:35:00,3806.0,3806.0,3806.0,3806.0,0.42177172,1605.2631663,3806.0
03:36:00,3804.43,3804.43,3804.43,3804.43,0.17732804,674.63211522,3804.43
03:37:00,3804.43,3804.43,3804.43,3804.43,1.0,3804.43,3804.43
03:38:00,,,,,,,
03:39:00,3804.4,3804.51,3804.33,3804.33,4.61579489,17560.280679,3804.3892976
03:40:00,3805.51,3805.51,3805.51,3805.51,0.002952,11.23386552,3805.51
03:41:00,3805.51,3805.51,3804.54,3804.54,0.64908999,2470.0073187,3805.3387923
03:42:00,3805.4,3805.4,3805.4,3805.4,1.47802701,5624.4839839,3805.4
03:43:00,3805.89,3806.86,3805.89,3806.86,10.62079566,40421.811244,3805.9117733
03:44:00,3807.13,3807.81,3807.13,3807.81,0.16572,630.9525836,3807.3411996
03:45:00,,,,,,,
03:46:00,3808.51,3808.51,3808.51,3808.51,0.06602831,251.46947892,3808.51
03:47:00,,,,,,,
03:48:00,,,,,,,
03:49:00,,,,,,,
03:50:00,,,,,,,
03:51:00,3808.51,3809.14,3808.51,3809.14,9.99354618,38064.281805,3808.8863673
03:52:00,3808.7,3808.7,3806.2,3807.86,3.33615276,12701.239751,3807.1517297
03:53:00,,,,,,,
03:54:00,,,,,,,
03:55:00,,,,,,,
03:56:00,3807.98,3807.98,3807.98,3807.98,0.23182199,882.77350148,3807.98
03:57:00,3808.11,3808.11,3808.11,3808.11,0.05066826,192.95030759,3808.11
03:58:00,3808.11,3808.11,3808.11,3808.11,0.1,380.811,3808.11
03:59:00,3807.3,3807.3,3807.3,3807.3,0.14851924,565.45730245,3807.3
04:00:00,3808.11,3808.67,3808.11,3808.67,1.13885129,4337.0722731,3808.2867458
04:01:00,3808.93,3810.73,3808.93,3810.73,2.33422594,8891.646748,3809.2485375
04:02:00,,,,,,,
04:03:00,,,,,,,
04:04:00,3810.83,3810.95,3810.83,3810.95,2.00774705,7651.4194802,3810.947938
04:05:00,3811.78,3812.96,3811.73,3812.96,10.254678,39095.217075,3812.4275648
04:06:00,3812.96,3813.78,3812.96,3813.6,3.58672975,13678.344126,3813.5976445
04:07:00,3813.3,3813.3,3812.53,3812.59,1.42191495,5421.7770272,3813.0107762
04:08:00,,,,,,,
04:09:00,3812.81,3812.81,3812.81,3812.81,0.08159074,311.08998938,3812.81
04:10:00,3810.7,3810.7,3810.7,3810.7,0.18892471,719.9353924,3810.7
04:11:00,3812.03,3812.03,3812.03,3812.03,1.04254041,3974.1953191,3812.03
04:12:00,3812.98,3815.46,3812.98,3815.46,6.28800872,23981.234382,3813.8042503
04:13:00,3812.9,3812.9,3812.9,3812.9,0.01287838,49.103975102,3812.9
04:14:00,3812.17,3812.17,3812.17,3812.17,0.00994184,37.899984193,3812.17
04:15:00,,,,,,,
04:16:00,3812.17,3814.08,3812.17,3814.08,0.67225116,2563.5836158,3813.4313012
04:17:00,,,,,,,
04:18:00,3813.38,3813.38,3813.38,3813.38,0.08307666,316.80287371,3813.38
04:19:00,3811.99,3811.99,3811.81,3811.81,0.02852964,108.75114025,3811.8651427
04:20:00,,,,,,,
04:21:00,3811.75,3811.75,3809.81,3809.81,0.86509933,3295.8895118,3809.8393994
04:22:00,,,,,,,
04:23:00,3810.15,3812.05,3810.15,3812.05,1.0555527,4022.4209749,3810.7249168
04:24:00,3812.38,3812.38,3812.38,3812.38,2.07465104,7909.3581319,3812.38
04:25:00,3812.04,3812.04,3812.04,3812.04,0.17588351,670.47497546,3812.04
04:26:00,3811.06,3811.06,3810.65,3810.65,2.00469428,7639.3626512,3810.7369924
04:27:00,,,,,,,
04:28:00,3810.3,3810.3,3810.3,3810.3,0.47102245,1794.7368412,3810.3
04:29:00,3810.0,3810.0,3809.1,3809.1,0.17820173,678.94734774,3809.9930216
04:30:00,,,,,,,
04:31:00,3809.67,3809.67,3809.67,3809.67,0.02706197,103.09717525,3809.67
04:32:00,,,,,,,
04:33:00,3809.67,3809.67,3809.1,3809.2,1.3370912,5093.1929726,3809.1589957
04:34:00,,,,,,,
04:35:00,,,,,,,
04:36:00,3809.67,3811.12,3809.1,3811.12,2.23185448,8503.4864663,3810.0541691
04:37:00,3811.0,3811.06,3810.56,3810.56,1.99215386,7591.9237587,3810.9123553
04:38:00,3810.56,3811.13,3809.5,3811.13,1.08819352,4146.8828348,3810.7953766
04:39:00,3810.81,3810.81,3808.7,3810.8,1.11363201,4243.7498185,3810.7290203
04:40:00,,,,,,,
04:41:00,3809.47,3812.2,3809.47,3812.2,1.83789875,7006.2410241,3812.0930351
04:42:00,,,,,,,
04:43:00,3812.2,3812.2,3812.19,3812.19,0.45387905,1730.2734609,3812.1906286
04:44:00,,,,,,,
04:45:00,,,,,,,
04:46:00,3811.29,3812.2,3811.29,3812.2,1.18643795,4522.015703,3811.4219989
04:47:00,,,,,,,
04:48:00,3812.2,3812.2,3812.2,3812.2,0.02572685,98.07589757,3812.2
04:49:00,3810.48,3810.48,3810.48,3810.48,0.00265918,10.132752206,3810.48
04:50:00,,,,,,,
04:51:00,3809.5,3811.33,3809.5,3811.33,0.42144788,1605.7996558,3810.197493
04:52:00,,,,,,,
04:53:00,,,,,,,
04:54:00,3809.5,3809.5,3809.5,3809.5,0.07512537,286.19009701,3809.5
04:55:00,,,,,,,
04:56:00,3810.43,3810.43,3810.43,3810.43,0.34252414,1305.1642588,3810.43
04:57:00,3808.8,3808.8,3808.8,3808.8,0.06871,261.702648,3808.8
04:58:00,,,,,,,
04:59:00,3809.09,3809.09,3809.09,3809.09,0.017502,66.66669318,3809.09
05:00:00,3809.09,3809.09,3809.09,3809.09,5.55003133,21140.568839,3809.09
05:01:00,3808.36,3808.36,3808.36,3808.36,0.07065318,269.07274458,3808.36
05:02:00,3808.36,3808.36,3806.09,3806.09,0.60625982,2308.1630688,3807.2176196
05:03:00,3806.44,3806.83,3806.34,3806.42,2.98058712,11345.758457,3806.5515282
05:04:00,3806.42,3806.42,3806.42,3806.42,3.29164214,12529.372475,3806.42
05:05:00,3806.09,3806.09,3806.09,3806.09,0.25689599,977.76925858,3806.09
05:06:00,3807.05,3807.59,3807.05,3807.59,0.10932785,416.27022838,3807.5406073
05:07:00,3807.59,3807.59,3807.59,3807.59,0.01,38.0759,3807.59
05:08:00,3807.59,3807.59,3803.94,3803.94,0.54545824,2074.9981182,3804.13745
05:09:00,3804.09,3804.63,3804.09,3804.63,2.0,7608.875,3804.4375
05:10:00,3804.63,3805.46,3804.63,3805.46,16.69954707,63547.715447,3805.3556291
05:11:00,3805.82,3805.82,3805.82,3805.82,0.18781384,714.78566855,3805.82
05:12:00,3805.82,3805.82,3805.82,3805.82,0.017,64.69894,3805.82
05:13:00,3806.13,3806.13,3806.13,3806.13,0.95856384,3648.4185883,3806.13
05:14:00,3806.13,3806.14,3806.13,3806.14,0.25592491,974.08358111,3806.1304041
05:15:00,3806.22,3806.22,3806.22,3806.22,0.31551141,1200.905839,3806.22
05:16:00,3806.34,3806.34,3806.34,3806.34,1.15390532,4392.1559757,3806.34
05:17:00,3806.34,3807.01,3805.84,3807.01,5.82772093,22182.570494,3806.3885969
05:18:00,,,,,,,
05:19:00,,,,,,,
05:20:00,,,,,,,
05:21:00,3808.38,3808.38,3808.38,3808.38,0.83257007,3170.7432032,3808.38
05:22:00,,,,,,,
05:23:00,3807.65,3807.65,3807.65,3807.65,0.11584276,441.08868511,3807.65
05:24:00,,,,,,,
05:25:00,3807.25,3807.25,3807.25,3807.25,0.09170547,349.14565066,3807.25
05:26:00,3806.71,3807.48,3806.71,3807.48,2.62694916,10001.776879,3807.3735995
05:27:00,3807.48,3807.81,3807.48,3807.81,1.05,3998.1312,3807.744
05:28:00,,,,,,,
05:29:00,,,,,,,
05:30:00,3808.28,3808.28,3808.28,3808.28,0.07940329,302.38996124,3808.28
05:31:00,3808.28,3808.28,3806.84,3806.84,1.09988824,4187.7964394,3807.4745116
05:32:00,,,,,,,
05:33:00,,,,,,,
05:34:00,,,,,,,
05:35:00,3805.95,3805.95,3805.82,3805.82,0.042927,163.37744014,3805.9365933
05:36:00,3806.57,3807.08,3806.56,3807.08,4.69754032,17881.52716,3806.5723639
05:37:00,3807.08,3807.08,3807.08,3807.08,0.23117567,880.10426974,3807.08
05:38:00,3807.08,3807.91,3807.08,3807.67,0.40022672,1523.9103402,3807.6176928
05:39:00,,,,,,,
05:40:00,3807.4,3807.4,3807.4,3807.4,0.10050717,382.67099906,3807.4
05:41:00,3806.94,3806.94,3806.85,3806.85,0.73279524,2789.6987994,3806.9281119
05:42:00,,,,,,,
05:43:00,,,,,,,
05:44:00,3805.15,3805.15,3805.15,3805.15,0.06368711,242.33900662,3805.15
05:45:00,3805.16,3805.16,3804.15,3804.25,8.56759008,32593.926754,3804.3284575
05:46:00,3804.63,3804.63,3804.63,3804.63,0.16110917,612.96078146,3804.63
05:47:00,3804.73,3804.73,3804.73,3804.73,0.50615382,1925.7786236,3804.73
05:48:00,,,,,,,
05:49:00,3805.16,3806.9,3805.16,3806.9,20.41993409,77717.815219,3805.9777704
05:50:00,3806.91,3806.91,3806.9,3806.9,0.2993871,1139.7368809,3806.9004338
05:51:00,3806.9,3806.9,3806.9,3806.9,0.53972242,2054.6692807,3806.9
05:52:00,,,,,,,
05:53:00,3806.91,3806.91,3806.91,3806.91,0.00647583,24.652901985,3806.91
05:54:00,,,,,,,
05:55:00,,,,,,,
05:56:00,3806.91,3807.35,3806.91,3807.35,0.0998185,380.01233684,3807.0331335
05:57:00,3807.86,3807.86,3807.86,3807.86,0.08197,312.1302842,3807.86
05:58:00,3808.15,3808.15,3808.15,3808.15,0.02714775,103.38270416,3808.15
05:59:00,,,,,,,
06:00:00,3807.69,3807.69,3807.69,3807.69,0.13869156,528.0944661,3807.69
06:01:00,3806.91,3808.33,3806.91,3808.33,2.64354623,10065.010493,3807.3896262
06:02:00,,,,,,,
06:03:00,,,,,,,
06:04:00,,,,,,,
06:05:00,,,,,,,
06:06:00,3809.41,3809.41,3809.41,3809.41,1.12594876,4289.2004658,3809.41
06:07:00,,,,,,,
06:08:00,3809.41,3809.41,3809.41,3809.41,1.02984976,3923.1199742,3809.41
06:09:00,,,,,,,
06:10:00,,,,,,,
06:11:00,3808.58,3808.58,3808.58,3808.58,0.57888973,2204.7478479,3808.58
06:12:00,3808.58,3808.59,3807.73,3807.73,2.0245897,7709.2171019,3807.7923156
06:13:00,3808.24,3808.7,3808.24,3808.7,1.83204109,6977.4175574,3808.5486158
06:14:00,,,,,,,
06:15:00,3808.7,3808.7,3808.7,3808.7,0.04932688,187.87128786,3808.7
06:16:00,3808.7,3808.7,3808.7,3808.7,0.3054998,1163.5570883,3808.7
06:17:00,,,,,,,
06:18:00,3807.79,3807.84,3807.79,3807.84,2.85562294,10873.646713,3807.8019898
06:19:00,,,,,,,
06:20:00,3808.64,3808.64,3808.64,3808.64,0.02015911,76.77879271,3808.64
06:21:00,3809.41,3809.99,3809.41,3809.99,5.69329069,21689.474019,3809.6551187
06:22:00,3808.89,3810.93,3808.89,3810.93,0.04,152.3964,3809.91
06:23:00,,,,,,,
06:24:00,,,,,,,
06:25:00,3810.64,3810.64,3810.64,3810.64,0.02712537,103.36501994,3810.64
06:26:00,3808.89,3808.89,3808.89,3808.89,0.13709082,522.16385339,3808.89
06:27:00,3810.72,3810.72,3810.72,3810.72,0.02,76.2144,3810.72
06:28:00,3810.81,3810.81,3810.05,3810.05,0.41368008,1576.4409857,3810.7732566
06:29:00,,,,,,,
06:30:00,,,,,,,
06:31:00,3810.04,3810.04,3810.04,3810.04,0.12140524,462.55882061,3810.04
06:32:00,,,,,,,
06:33:00,,,,,,,
06:34:00,3807.32,3807.32,3807.32,3807.32,0.02,76.1464,3807.32
06:35:00,,,,,,,
06:36:00,3806.64,3808.06,3806.64,3808.06,1.3234188,5037.8992949,3806.7309418
06:37:00,,,,,,,
06:38:00,,,,,,,
06:39:00,,,,,,,
06:40:00,3807.09,3807.09,3807.09,3807.09,2.67683038,10190.934171,3807.09
06:41:00,3807.09,3808.34,3806.85,3808.34,1.35501963,5159.1320966,3807.4224036
06:42:00,3809.06,3809.06,3809.06,3809.06,0.005901,22.47726306,3809.06
06:43:00,3809.06,3809.06,3809.06,3809.06,5.5466633,21127.573309,3809.06
06:44:00,3809.06,3809.06,3809.06,3809.06,8.80083427,33522.905784,3809.06
06:45:00,3809.06,3809.06,3809.06,3809.06,0.010915,41.5758899,3809.06
06:46:00,3808.38,3808.38,3808.38,3808.38,0.08473525,322.7040314,3808.38
06:47:00,3808.38,3808.38,3808.38,3808.38,0.02154966,82.069294151,3808.38
06:48:00,,,,,,,
06:49:00,,,,,,,
06:50:00,3808.38,3808.38,3808.38,3808.38,0.0441,167.949558,3808.38
06:51:00,3808.38,3809.33,3808.38,3809.33,1.05778425,4028.4846684,3808.4180856
06:52:00,,,,,,,
06:53:00,3809.02,3809.02,3809.02,3809.02,0.02336299,88.99009617,3809.02
06:54:00,3809.5,3809.5,3809.5,3809.5,0.004425,16.8570375,3809.5
06:55:00,3808.52,3808.76,3808.52,3808.76,0.12831235,488.70974619,3808.7506478
06:56:00,3808.7,3808.7,3808.7,3808.7,0.52143049,1985.9723073,3808.7
06:57:00,3810.42,3811.36,3809.58,3811.36,0.36,1371.753,3810.425
06:58:00,3810.67,3810.67,3810.39,3810.39,0.61992021,2362.284275,3810.6263304
06:59:00,3809.72,3809.72,3809.72,3809.72,0.60003148,2285.95193,3809.72
07:00:00,3809.57,3809.57,3809.57,3809.57,0.014741,56.15687137,3809.57
07:01:00,3807.71,3809.24,3807.71,3809.24,0.34743668,1323.134945,3808.2765038
07:02:00,3808.76,3808.76,3808.76,3808.76,0.02,76.1752,3808.76
07:03:00,3806.86,3806.86,3806.86,3806.86,0.02,76.1372,3806.86
07:04:00,,,,,,,
07:05:00,3807.33,3807.33,3807.33,3807.33,0.0521236,198.45174599,3807.33
07:06:00,3807.95,3807.95,3807.95,3807.95,0.85287544,3247.7070317,3807.95
07:07:00,,,,,,,
07:08:00,,,,,,,
07:09:00,3808.87,3808.87,3808.87,3808.87,0.100309,382.06394083,3808.87
07:10:00,,,,,,,
07:11:00,3808.87,3808.87,3808.87,3808.87,0.01488451,56.693163604,3808.87
07:12:00,,,,,,,
07:13:00,3809.68,3810.3,3809.68,3810.3,0.2248382,856.68329162,3810.2212686
07:14:00,,,,,,,
07:15:00,,,,,,,
07:16:00,3809.76,3809.79,3809.76,3809.79,1.77366495,6757.2413761,3809.7620276
07:17:00,3809.46,3809.46,3809.46,3809.46,0.009843,37.49651478,3809.46
07:18:00,,,,,,,
07:19:00,3808.36,3808.36,3806.0,3806.0,6.5183052,24811.572791,3806.4453919
07:20:00,3806.34,3806.34,3806.34,3806.34,0.009264,35.26193376,3806.34
07:21:00,3807.91,3807.91,3807.91,3807.91,10.42400609,39693.67703,3807.91
07:22:00,3807.91,3809.05,3807.91,3809.05,10.36030435,39453.598738,3808.1505528
07:23:00,,,,,,,
07:24:00,,,,,,,
07:25:00,,,,,,,
07:26:00,3810.22,3810.22,3810.22,3810.22,0.04938715,188.17590667,3810.22
07:27:00,,,,,,,
07:28:00,,,,,,,
07:29:00,3810.04,3810.04,3809.0,3809.0,1.01983728,3884.5808303,3809.0202295
07:30:00,3809.39,3809.39,3809.39,3809.39,0.055572,211.69542108,3809.39
07:31:00,3809.65,3809.65,3809.65,3809.65,0.04151096,158.14222876,3809.65
07:32:00,3809.65,3809.65,3809.65,3809.65,1.21361642,4623.4537945,3809.65
07:33:00,,,,,,,
07:34:00,,,,,,,
07:35:00,,,,,,,
07:36:00,3810.05,3810.05,3810.05,3810.05,10.02297668,38188.0423,3810.05
07:37:00,3810.43,3810.43,3810.43,3810.43,0.102923,392.18088689,3810.43
07:38:00,,,,,,,
07:39:00,,,,,,,
07:40:00,3810.43,3810.62,3809.75,3810.28,3.26215549,12430.0792,3810.3883269
07:41:00,3810.28,3810.28,3808.9,3808.9,0.36458924,1388.8870357,3809.4570088
07:42:00,3808.9,3808.9,3808.9,3808.9,0.02,76.178,3808.9
07:43:00,3810.28,3810.28,3808.9,3810.28,1.59857061,6090.9740239,3810.2627346
07:44:00,3810.28,3810.28,3808.9,3808.9,1.36775006,5211.4556986,3810.239788
07:45:00,3810.53,3810.53,3808.9,3809.4,4.50501826,17159.300509,3808.9302903
07:46:00,3808.0,3808.98,3807.91,3808.98,7.61312849,28991.666778,3808.1147345
07:47:00,3808.04,3808.04,3808.04,3808.04,0.0958163,364.87230305,3808.04
07:48:00,3808.0,3808.04,3808.0,3808.04,1.015363,3866.5029185,3808.0006052
07:49:00,3808.26,3808.26,3807.91,3807.91,1.21996448,4645.6699133,3808.0370285
07:50:00,,,,,,,
07:51:00,3807.72,3807.72,3807.72,3807.72,0.80296491,3057.4655471,3807.72
07:52:00,3806.78,3806.78,3806.78,3806.78,0.04196609,159.75567209,3806.78
07:53:00,3807.37,3807.99,3807.37,3807.99,1.05875571,4031.1111561,3807.4044069
07:54:00,3807.96,3807.96,3807.96,3807.96,0.10209,388.7546364,3807.96
07:55:00,,,,,,,
07:56:00,3807.21,3807.21,3806.35,3806.35,1.45274071,5530.6678671,3807.0578108
07:57:00,3806.39,3806.39,3806.39,3806.39,0.29,1103.8531,3806.39
07:58:00,3807.78,3807.78,3807.78,3807.78,0.10297,392.0871066,3807.78
07:59:00,,,,,,,
08:00:00,,,,,,,
08:01:00,3808.4,3808.54,3808.4,3808.54,11.40523874,43435.737899,3808.4023394
08:02:00,,,,,,,
08:03:00,3808.18,3808.18,3808.18,3808.18,0.0014,5.331452,3808.18
08:04:00,,,,,,,
08:05:00,3809.22,3809.22,3809.22,3809.22,0.147469,561.74186418,3809.22
08:06:00,3809.19,3809.19,3809.19,3809.19,0.99973069,3808.164147,3809.19
08:07:00,3809.19,3809.33,3809.19,3809.33,24.70441384,94106.289629,3809.2905275
08:08:00,3809.77,3809.77,3809.77,3809.77,1.14763405,4372.2217747,3809.77
08:09:00,3810.73,3810.73,3810.73,3810.73,0.20040247,763.6797045,3810.73
08:10:00,3810.91,3810.91,3810.91,3810.91,0.19312299,735.97433382,3810.91
08:11:00,3810.91,3812.0,3810.91,3812.0,7.04994666,26871.690624,3811.6161611
08:12:00,3811.99,3811.99,3811.99,3811.99,1.00110922,3816.2183355,3811.99
08:13:00,3812.0,3812.0,3812.0,3812.0,0.014743,56.200316,3812.0
08:14:00,3812.0,3812.0,3812.0,3812.0,0.46121442,1758.149369,3812.0
08:15:00,3812.0,3812.0,3812.0,3812.0,0.023854,90.931448,3812.0
08:16:00,3812.0,3812.0,3812.0,3812.0,0.55246276,2105.9880411,3812.0
08:17:00,3811.87,3812.08,3811.87,3812.08,2.58447287,9852.0624476,3812.0200687
08:18:00,3812.08,3812.08,3812.08,3812.08,0.10278,391.8055824,3812.08
08:19:00,,,,,,,
08:20:00,,,,,,,
08:21:00,3810.33,3810.33,3810.33,3810.33,0.37047448,1411.6300254,3810.33
08:22:00,3810.33,3810.33,3810.33,3810.33,0.08258619,314.68063734,3810.33
08:23:00,3810.33,3810.33,3806.22,3807.39,17.24213324,65669.673805,3808.6745353
08:24:00,3808.13,3808.13,3800.29,3800.29,13.40954365,51006.937978,3803.7788093
08:25:00,3799.05,3800.29,3795.33,3798.41,34.91409277,132599.93586,3797.8914914
08:26:00,3797.67,3801.5,3797.39,3799.52,51.05247247,193945.14282,3798.9373175
08:27:00,3799.97,3801.26,3799.97,3801.26,15.35153402,58354.609941,3801.2233738
08:28:00,3801.26,3809.05,3801.26,3806.09,16.63757617,63303.224765,3804.8345575
08:29:00,3808.2,3809.5,3804.94,3804.94,4.30539356,16383.189138,3805.2709723
08:30:00,,,,,,,
08:31:00,3807.4,3807.4,3807.4,3807.4,0.174,662.4876,3807.4
08:32:00,3804.36,3804.36,3796.9,3799.48,11.60152561,44071.969164,3798.8080745
08:33:00,3801.35,3805.03,3801.35,3805.03,7.77386248,29562.908829,3802.8597631
08:34:00,3802.49,3802.49,3796.92,3799.81,12.50554643,47521.390863,3800.0251431
08:35:00,3805.06,3805.06,3805.06,3805.06,0.71241642,2710.7872231,3805.06
08:36:00,3804.86,3804.89,3804.86,3804.89,0.08289338,315.39966414,3804.8836245
08:37:00,3802.73,3806.95,3802.73,3806.95,1.11446872,4240.6509267,3805.0874381
08:38:00,3803.49,3803.49,3802.41,3802.41,0.01811628,68.895070657,3802.9369527
08:39:00,3801.34,3804.29,3801.34,3803.51,0.13823862,525.78195936,3803.4375586
08:40:00,3802.45,3802.45,3799.56,3799.56,3.953225,15020.55987,3799.5712033
08:41:00,3799.63,3802.0,3791.8,3801.89,21.82009384,82844.259712,3796.6958492
08:42:00,3798.59,3801.9,3790.34,3801.9,17.5153276,66513.585633,3797.4502762
08:43:00,3800.17,3800.17,3799.86,3799.86,1.0,3800.0924998,3800.0924998
08:44:00,3799.86,3803.22,3798.74,3800.4,8.13878682,30944.736787,3802.1313829
08:45:00,3800.49,3801.18,3799.88,3799.88,1.78661,6789.4446796,3800.1828489
08:46:00,3802.5,3802.86,3802.5,3802.86,2.05956151,7831.8640839,3802.6852055
08:47:00,3801.18,3801.18,3800.94,3800.94,0.15019,570.87067858,3800.9899366
08:48:00,3802.86,3802.86,3802.86,3802.86,0.08842122,336.25352069,3802.86
08:49:00,3802.86,3804.5,3802.86,3804.5,7.38270114,28079.970269,3803.4819149
08:50:00,3804.96,3804.97,3804.96,3804.97,1.97148985,7501.4401394,3804.9600608
08:51:00,3805.0,3807.32,3805.0,3807.32,9.12309615,34722.268903,3805.9742364
08:52:00,3806.28,3806.28,3806.27,3806.27,0.96532646,3674.2992682,3806.2763432
08:53:00,3805.02,3805.02,3804.14,3804.14,4.11260728,15645.98847,3804.396434
08:54:00,3802.3,3802.3,3802.3,3802.3,0.5362,2038.79326,3802.3
08:55:00,3803.43,3803.43,3803.43,3803.43,0.06621,251.8251003,3803.43
08:56:00,3805.04,3805.04,3805.04,3805.04,0.12379831,471.05752148,3805.04
08:57:00,3805.04,3805.04,3805.04,3805.04,1.0840632,4124.9038385,3805.04
08:58:00,3805.43,3805.82,3805.43,3805.82,0.15069474,573.49728483,3805.6888039
08:59:00,3804.4,3804.4,3804.4,3804.4,0.4254767,1618.6835575,3804.4
09:00:00,3803.85,3803.85,3802.83,3802.83,2.09971545,7986.6341747,3803.6745287
09:01:00,3802.57,3802.57,3802.57,3802.57,0.20865581,793.42832343,3802.57
09:02:00,3804.43,3805.0,3804.43,3805.0,6.9,26253.645284,3804.8761281
09:03:00,3804.14,3804.65,3804.14,3804.65,0.0350094,133.19258547,3804.4806672
09:04:00,3804.64,3805.42,3804.64,3805.42,0.2495256,949.54537975,3805.4026511
09:05:00,3804.3,3804.3,3802.42,3802.42,1.32546235,5040.5610596,3802.8700398
09:06:00,3803.95,3804.82,3803.95,3804.82,1.70612295,6491.3490073,3804.7369372
09:07:00,3805.44,3805.44,3805.44,3805.44,4.31958521,16437.922342,3805.44
09:08:00,3805.94,3807.38,3805.94,3807.38,9.38673282,35732.127092,3806.6628483
09:09:00,3807.38,3807.38,3806.68,3806.68,2.75118504,10474.753986,3807.3607677
09:10:00,3806.68,3806.68,3806.68,3806.68,0.013965,53.1602862,3806.68
09:11:00,3806.68,3807.23,3806.68,3807.23,0.04087887,155.63224953,3807.1563507
09:12:00,3807.6,3807.6,3807.6,3807.6,0.008,30.4608,3807.6
09:13:00,3807.6,3807.6,3807.6,3807.6,0.005214,19.8528264,3807.6
09:14:00,,,,,,,
09:15:00,3808.34,3808.34,3808.34,3808.34,0.02,76.1668,3808.34
09:16:00,3807.27,3807.27,3800.73,3805.98,19.68615975,74890.015406,3804.1962657
09:17:00,,,,,,,
09:18:00,,,,,,,
09:19:00,3805.16,3805.98,3805.16,3805.98,7.22354954,27489.762907,3805.575466
09:20:00,3806.47,3806.47,3806.47,3806.47,0.099156,377.43433932,3806.47
09:21:00,3806.47,3806.47,3806.47,3806.47,0.3985718,1517.1515995,3806.47
09:22:00,,,,,,,
09:23:00,3805.73,3805.73,3805.73,3805.73,0.15663724,596.11904339,3805.73
09:24:00,,,,,,,
09:25:00,3806.65,3806.65,3806.62,3806.62,0.34967599,1331.0840598,3806.6212661
09:26:00,3806.87,3806.87,3806.87,3806.87,0.05692468,216.70485655,3806.87
09:27:00,3806.87,3806.96,3806.87,3806.96,0.032362,123.20062712,3806.9534367
09:28:00,3805.83,3805.83,3805.83,3805.83,0.0219978,83.719887174,3805.83
09:29:00,,,,,,,
09:30:00,3808.39,3808.39,3808.19,3808.39,1.59364651,6069.1786371,3808.3593815
09:31:00,3807.14,3808.16,3807.14,3808.16,0.29155631,1110.2867586,3808.138327
09:32:00,,,,,,,
09:33:00,3807.14,3807.14,3807.14,3807.14,0.011455,43.6107887,3807.14
09:34:00,3807.14,3807.14,3807.14,3807.14,0.0139986,53.294630004,3807.14
09:35:00,3807.0,3807.46,3807.0,3807.46,0.517207,1969.0149642,3807.0153038
09:36:00,3807.55,3809.37,3807.55,3809.37,14.44626825,55013.818467,3808.1681383
09:37:00,,,,,,,
09:38:00,3809.37,3809.37,3809.37,3809.37,0.45,1714.2165,3809.37
09:39:00,3809.37,3811.59,3809.37,3811.59,0.66514422,2534.2868798,3810.1314025
09:40:00,,,,,,,
09:41:00,3812.07,3812.09,3810.68,3810.68,2.01681172,7687.7001846,3811.8085632
09:42:00,,,,,,,
09:43:00,3810.05,3810.33,3810.05,3810.33,0.01284959,48.960005367,3810.238721
09:44:00,3810.33,3810.33,3810.33,3810.33,0.18115498,690.26025494,3810.33
09:45:00,3811.09,3812.9,3810.0,3810.95,13.47887051,51363.368148,3810.6581786
09:46:00,3811.45,3811.69,3811.45,3811.69,4.31546356,16448.595097,3811.5476746
09:47:00,3810.94,3811.69,3810.94,3811.69,0.323523,1233.1149916,3811.5218752
09:48:00,,,,,,,
09:49:00,,,,,,,
09:50:00,3809.41,3809.41,3809.41,3809.41,0.028591,108.91484131,3809.41
09:51:00,3808.61,3808.61,3805.73,3805.73,4.64616951,17691.445798,3807.7486755
09:52:00,3806.44,3806.44,3805.48,3805.48,1.3264454,5048.0397096,3805.6897854
09:53:00,3806.4,3807.4,3806.4,3807.4,0.65534014,2495.0664531,3807.2846463
09:54:00,3807.22,3807.63,3807.22,3807.63,0.2312323,880.42804633,3807.5478483
09:55:00,,,,,,,
09:56:00,3806.5,3806.5,3806.5,3806.5,3.01585308,11479.844749,3806.5
09:57:00,3806.88,3806.88,3806.88,3806.88,2.731626,10398.972387,3806.88
09:58:00,3806.88,3806.88,3806.31,3806.31,0.19322705,735.57204637,3806.7757406
09:59:00,3806.88,3806.88,3806.88,3806.88,0.02489177,94.759981378,3806.88
10:00:00,,,,,,,
10:01:00,3806.88,3806.88,3806.88,3806.88,0.32220523,1226.596646,3806.88
10:02:00,3806.31,3806.31,3806.31,3806.31,0.0275761,104.96318519,3806.31
10:03:00,3806.31,3807.55,3806.31,3807.55,1.12013444,4264.9069228,3807.4955742
10:04:00,3808.76,3808.76,3808.76,3808.76,0.015401,58.65871276,3808.76
10:05:00,3807.27,3807.46,3806.58,3807.0,7.002952,26660.228861,3806.9986573
10:06:00,3805.59,3805.59,3805.59,3805.59,0.18398386,700.16713778,3805.59
10:07:00,,,,,,,
10:08:00,3807.46,3807.46,3807.46,3807.46,0.03073944,117.03918822,3807.46
10:09:00,3807.82,3809.17,3807.82,3809.17,0.82882471,3156.113891,3807.938944
10:10:00,3809.53,3809.53,3809.37,3809.37,0.0784411,298.82312604,3809.522381
10:11:00,3810.28,3810.28,3810.28,3810.28,1.47718168,5628.4758117,3810.28
10:12:00,,,,,,,
10:13:00,3809.31,3810.16,3808.05,3810.16,2.547772,9703.4416161,3808.5988919
10:14:00,3810.16,3810.16,3810.16,3810.16,0.207516,790.66916256,3810.16
10:15:00,3810.16,3810.16,3810.16,3810.16,0.138276,526.85368416,3810.16
10:16:00,3810.16,3811.41,3810.16,3811.41,0.1382738,526.96052906,3810.9933267
10:17:00,3811.06,3811.06,3811.06,3811.06,0.13825061,526.88136975,3811.06
10:18:00,3809.75,3809.75,3809.75,3809.75,0.038345,146.08486375,3809.75
10:19:00,3809.14,3809.14,3809.14,3809.14,0.05,190.457,3809.14
10:20:00,,,,,,,
10:21:00,3809.75,3809.75,3809.75,3809.75,0.26241031,999.71767852,3809.75
10:22:00,3807.59,3809.75,3807.58,3807.58,4.5884,17471.659714,3807.7891453
10:23:00,3807.59,3807.59,3802.92,3805.49,28.17585433,107216.46109,3805.2603424
10:24:00,,,,,,,
10:25:00,,,,,,,
10:26:00,3807.35,3807.35,3807.35,3807.35,0.27726267,1055.6360266,3807.35
10:27:00,3808.42,3809.88,3808.42,3809.88,0.08110926,308.9248552,3808.7495213
10:28:00,3809.64,3811.25,3809.64,3811.25,1.21115194,4614.0766339,3809.6596153
10:29:00,3810.3,3810.3,3809.26,3809.26,0.12102999,461.15746027,3810.2742987
10:30:00,3810.09,3810.09,3810.09,3810.09,0.05697835,217.09264155,3810.09
10:31:00,3807.96,3807.96,3807.96,3807.96,0.10663583,406.06497521,3807.96
10:32:00,3809.24,3809.24,3809.24,3809.24,0.1520685,579.26541294,3809.24
10:33:00,3809.03,3809.03,3809.03,3809.03,0.009219,35.11544757,3809.03
10:34:00,3807.34,3807.34,3807.34,3807.34,0.7036421,2679.004713,3807.34
10:35:00,,,,,,,
10:36:00,3808.52,3808.52,3805.01,3807.63,16.66290324,63421.538,3806.1517304
10:37:00,3809.14,3809.14,3808.83,3808.83,0.16949292,645.57060165,3808.8352106
10:38:00,3808.44,3808.44,3808.44,3808.44,0.073747,280.86102468,3808.44
10:39:00,3808.6,3809.58,3808.6,3809.58,0.014604,55.63091388,3809.2929252
10:40:00,3810.0,3810.0,3810.0,3810.0,0.00179195,6.8273295,3810.0
10:41:00,3810.25,3810.25,3810.25,3810.25,4.43527978,16899.524782,3810.25
10:42:00,3810.25,3810.25,3810.25,3810.25,0.01063832,40.53465878,3810.25
10:43:00,3810.25,3810.25,3810.25,3810.25,0.3,1143.075,3810.25
10:44:00,3808.01,3808.96,3808.01,3808.96,0.26913787,1024.9972609,3808.4468043
10:45:00,3808.0,3808.0,3805.64,3805.64,2.56756096,9773.5726918,3806.5591603
10:46:00,3806.84,3807.92,3806.84,3807.92,5.04944123,19225.75735,3807.5019539
10:47:00,3807.41,3808.76,3807.41,3808.76,0.48389689,1842.7350043,3808.114998
10:48:00,3807.53,3808.76,3807.53,3808.76,0.795147,3028.4010877,3808.6053116
10:49:00,3808.76,3810.25,3808.76,3808.88,0.127735,486.58658032,3809.3441916
10:50:00,3808.88,3809.59,3808.88,3809.59,0.2072,789.31287169,3809.4250564
10:51:00,3808.71,3808.71,3808.71,3808.71,0.15643803,595.82708924,3808.71
10:52:00,,,,,,,
10:53:00,3808.78,3808.78,3808.78,3808.78,0.00942821,35.909977684,3808.78
10:54:00,,,,,,,
10:55:00,3807.88,3807.88,3807.88,3807.88,0.04632,176.3810016,3807.88
10:56:00,3809.73,3809.73,3807.34,3807.34,3.79728569,14457.697705,3807.3768701
10:57:00,,,,,,,
10:58:00,3808.92,3808.92,3808.0,3808.0,1.12662174,4290.1779954,3808.0021387
10:59:00,3808.0,3808.0,3808.0,3808.0,0.07065798,269.06558784,3808.0
11:00:00,3808.0,3808.0,3808.0,3808.0,5.7686252,21966.924762,3808.0
11:01:00,3808.85,3809.91,3808.85,3809.91,0.45345678,1727.6239664,3809.8977513
11:02:00,3809.91,3809.91,3809.91,3809.91,0.0714,272.027574,3809.91
11:03:00,3809.91,3809.91,3809.82,3809.82,0.11599488,441.92903914,3809.9012572
11:04:00,3809.84,3809.91,3809.84,3809.91,0.21790241,830.18641068,3809.9000864
11:05:00,3809.91,3809.91,3809.91,3809.91,0.003854,14.68339314,3809.91
11:06:00,3809.91,3809.91,3809.91,3809.91,0.87589926,3337.0973497,3809.91
11:07:00,3810.25,3810.25,3810.25,3810.25,1.04264809,3972.7498849,3810.25
11:08:00,3810.25,3810.25,3810.25,3810.25,0.10278,391.617495,3810.25
11:09:00,,,,,,,
11:10:00,,,,,,,
11:11:00,3809.85,3810.25,3809.58,3810.25,1.42116811,5414.5241181,3809.9110725
11:12:00,3809.77,3811.76,3809.77,3811.76,9.83771129,37494.489916,3811.3021221
11:13:00,3812.74,3812.74,3812.74,3812.74,0.06429151,245.12681184,3812.74
11:14:00,3812.74,3812.74,3812.74,3812.74,0.0838621,319.74438315,3812.74
11:15:00,3813.0,3813.58,3813.0,3813.23,0.15286804,582.9349574,3813.3213287
11:16:00,3814.0,3814.99,3814.0,3814.99,3.07618846,11732.657794,3814.0243831
11:17:00,3813.73,3813.73,3813.73,3813.73,0.72202539,2753.6098906,3813.73
11:18:00,3814.59,3814.59,3814.56,3814.56,1.77456345,6769.219968,3814.5832249
11:19:00,3813.74,3813.74,3813.74,3813.74,0.024847,94.75999778,3813.74
11:20:00,3814.56,3814.56,3813.11,3813.11,0.03519,134.2222154,3814.214703
11:21:00,3814.8,3814.8,3814.8,3814.8,0.05981605,228.18626754,3814.8
11:22:00,3814.8,3815.0,3814.8,3815.0,0.06034,230.19638635,3814.9881729
11:23:00,3811.6,3811.6,3811.09,3811.09,0.01601438,61.037298535,3811.4056576
11:24:00,3808.69,3809.85,3808.69,3809.85,7.20648182,27448.309231,3808.8362556
11:25:00,3808.94,3808.94,3808.94,3808.94,0.014725,56.0866415,3808.94
11:26:00,3808.94,3809.26,3807.42,3807.7,0.40873336,1556.5201585,3808.1554157
11:27:00,3809.56,3810.02,3807.7,3810.02,5.44807275,20755.697389,3809.7320541
11:28:00,,,,,,,
11:29:00,3810.91,3810.91,3810.91,3810.91,0.014747,56.19948977,3810.91
11:30:00,,,,,,,
11:31:00,3810.91,3810.91,3810.91,3810.91,0.21708553,827.29341713,3810.91
11:32:00,,,,,,,
11:33:00,,,,,,,
11:34:00,,,,,,,
11:35:00,3809.08,3809.08,3804.04,3804.04,7.02,26715.911003,3805.6853281
11:36:00,3808.59,3808.59,3808.59,3808.59,0.16045355,611.10178599,3808.59
11:37:00,,,,,,,
11:38:00,,,,,,,
11:39:00,3810.14,3810.21,3810.14,3810.21,0.5738521,2186.4574594,3810.1410788
11:40:00,,,,,,,
11:41:00,3807.66,3807.66,3807.66,3807.66,0.33320652,1268.7371379,3807.66
11:42:00,3809.51,3809.51,3809.51,3809.51,0.00177975,6.7799754225,3809.51
11:43:00,3807.66,3807.66,3807.16,3807.16,0.047736,181.74989376,3807.3968024
11:44:00,3809.38,3809.38,3809.38,3809.38,0.025122,95.69924436,3809.38
11:45:00,,,,,,,
11:46:00,3807.09,3808.43,3806.59,3806.59,0.92199098,3510.0076667,3806.9869911
11:47:00,3805.74,3805.74,3805.74,3805.74,0.02489746,94.75325942,3805.74
11:48:00,3806.36,3806.36,3806.36,3806.36,0.029492,112.25716912,3806.36
11:49:00,3805.59,3806.39,3805.59,3806.39,0.038939,148.20569221,3806.0990834
11:50:00,3805.89,3805.89,3805.89,3805.89,4.48597482,17073.126708,3805.89
11:51:00,3805.89,3805.89,3805.69,3805.89,0.23124509,880.05058246,3805.7049447
11:52:00,,,,,,,
11:53:00,3805.69,3805.89,3805.69,3805.89,0.0165601,63.024450769,3805.8013399
11:54:00,3805.6,3805.6,3805.6,3805.6,1.10513749,4205.7112319,3805.6
11:55:00,3805.6,3805.6,3805.6,3805.6,1.55449587,5915.7894829,3805.6
11:56:00,3804.29,3805.59,3804.29,3805.11,1.13746914,4328.2934886,3805.1964105
11:57:00,3805.89,3805.89,3805.89,3805.89,2.55440737,9721.7934654,3805.89
11:58:00,3805.59,3805.89,3805.59,3805.89,0.124314,473.12345346,3805.8742656
11:59:00,3805.89,3805.89,3805.89,3805.89,0.044283,168.53622687,3805.89
12:00:00,3805.89,3805.89,3805.89,3805.89,0.2136034,812.95104403,3805.89
12:01:00,3805.89,3806.4,3805.89,3806.4,0.32050822,1219.9021947,3806.1494796
12:02:00,,,,,,,
12:03:00,3806.07,3806.07,3806.07,3806.07,0.008855,33.70274985,3806.07
12:04:00,3805.61,3805.61,3805.61,3805.61,0.014635,55.69510235,3805.61
12:05:00,3803.29,3803.29,3803.29,3803.29,0.05106658,194.22101305,3803.29
12:06:00,3803.09,3804.04,3803.09,3804.04,0.22403262,852.20100663,3803.9148345
12:07:00,3804.25,3804.25,3802.77,3802.77,0.65357787,2485.4188254,3802.7891388
12:08:00,3803.09,3804.3,3803.09,3804.3,1.003839,3817.6947077,3803.0946274
12:09:00,3804.3,3804.3,3804.3,3804.3,0.19032519,724.05412032,3804.3
12:10:00,,,,,,,
12:11:00,3802.8,3802.8,3802.8,3802.8,0.1368027,520.23330756,3802.8
12:12:00,3804.27,3804.27,3804.27,3804.27,0.012476,47.46207252,3804.27
12:13:00,3802.8,3803.37,3802.8,3803.37,0.4409348,1677.0323312,3803.3567123
12:14:00,3804.3,3804.3,3804.3,3804.3,0.17954,683.024022,3804.3
12:15:00,3804.3,3804.3,3803.56,3803.56,0.559069,2126.8224864,3804.2218159
12:16:00,3803.56,3804.53,3803.56,3804.53,7.09204504,26978.785936,3804.0911731
12:17:00,3804.53,3804.53,3804.53,3804.53,0.09096227,346.06868508,3804.53
12:18:00,3804.53,3805.31,3804.53,3805.31,1.00524407,3824.5562626,3804.6046495
12:19:00,3805.32,3805.32,3805.31,3805.31,0.90148509,3430.4372127,3805.3177482
12:20:00,,,,,,,
12:21:00,3806.03,3806.81,3806.03,3806.81,0.25802389,982.20186335,3806.6314842
12:22:00,3806.93,3806.93,3806.87,3806.87,0.21989,837.09698308,3806.8897316
12:23:00,,,,,,,
12:24:00,3804.85,3804.85,3804.85,3804.85,0.457985,1742.5642272,3804.85
12:25:00,3805.79,3805.79,3805.79,3805.79,0.096181,366.04468799,3805.79
12:26:00,3806.23,3806.23,3805.04,3805.04,2.93598351,11173.670269,3805.7673794
12:27:00,,,,,,,
12:28:00,3805.04,3805.04,3805.04,3805.04,0.74913068,2850.4722026,3805.04
12:29:00,3805.85,3805.85,3805.85,3805.85,0.00622462,23.689970027,3805.85
12:30:00,,,,,,,
12:31:00,3805.4,3805.4,3805.4,3805.4,0.11890357,452.47564528,3805.4
12:32:00,3806.26,3806.26,3806.26,3806.26,0.149432,568.77704432,3806.26
12:33:00,3806.26,3806.26,3806.26,3806.26,6.03421225,22967.780719,3806.26
12:34:00,3806.26,3806.26,3806.25,3806.25,0.111687,425.10963888,3806.25891
12:35:00,3806.25,3806.25,3806.25,3806.25,0.2488,946.995,3806.25
12:36:00,3806.75,3807.56,3806.75,3807.56,0.92337379,3515.7798248,3807.5369508
12:37:00,3806.75,3806.75,3806.75,3806.75,0.308897,1175.8936547,3806.75
12:38:00,3808.11,3808.11,3808.11,3808.11,4.48229201,17069.061026,3808.11
12:39:00,3807.77,3807.77,3807.77,3807.77,0.020733,78.94649541,3807.77
12:40:00,,,,,,,
12:41:00,3807.75,3807.75,3806.74,3806.77,0.16087552,612.44281135,3806.9360171
12:42:00,3805.6,3805.6,3804.59,3804.59,0.2354918,896.12559788,3805.3367373
12:43:00,3804.59,3804.59,3804.59,3804.59,0.005784,22.00574856,3804.59
12:44:00,3805.1,3805.1,3805.1,3805.1,0.07728035,294.05945979,3805.1
12:45:00,3805.09,3805.09,3805.09,3805.09,0.1322,503.032898,3805.09
12:46:00,3805.1,3806.05,3805.1,3806.05,0.40673406,1547.8529797,3805.5651884
12:47:00,3806.05,3806.57,3805.84,3806.57,0.56277823,2142.1055216,3806.3048771
12:48:00,,,,,,,
12:49:00,3805.82,3807.8,3805.15,3807.8,1.24380162,4733.8707369,3805.9692645
12:50:00,,,,,,,
12:51:00,3807.81,3807.81,3807.81,3807.81,0.12209163,464.90172963,3807.81
12:52:00,,,,,,,
12:53:00,,,,,,,
12:54:00,3807.92,3807.92,3807.92,3807.92,0.029503,112.34506376,3807.92
12:55:00,3807.09,3807.09,3807.09,3807.09,0.00240866,9.1699853994,3807.09
12:56:00,3807.09,3807.09,3807.09,3807.09,0.05397442,205.48547464,3807.09
12:57:00,,,,,,,
12:58:00,,,,,,,
12:59:00,,,,,,,
13:00:00,3807.77,3807.77,3807.77,3807.77,0.083434,317.69748218,3807.77
13:01:00,3807.84,3807.84,3805.96,3805.96,0.09561767,363.97250799,3806.5402346
13:02:00,3805.04,3805.71,3804.09,3805.71,0.23439085,891.75287175,3804.5549634
13:03:00,3803.14,3803.14,3800.58,3800.58,0.41863012,1591.5219856,3801.7378815
13:04:00,3800.0,3801.11,3796.76,3801.11,12.47091659,47393.802913,3800.3463956
13:05:00,3803.16,3803.18,3803.16,3803.18,3.0,11409.5,3803.1666667
13:06:00,3800.75,3802.05,3800.75,3802.05,0.33117126,1258.9944968,3801.6417752
13:07:00,,,,,,,
13:08:00,3802.26,3804.74,3802.26,3804.74,7.3217949,27856.385001,3804.5841738
13:09:00,3803.78,3803.78,3803.78,3803.78,0.999565,3802.1253557,3803.78
13:10:00,,,,,,,
13:11:00,3803.6,3803.6,3803.6,3803.6,0.3038066,1155.5587838,3803.6
13:12:00,3803.22,3803.22,3801.58,3802.18,1.15214648,4381.048834,3802.5102798
13:13:00,,,,,,,
13:14:00,3802.62,3802.62,3802.62,3802.62,0.073857,280.85010534,3802.62
13:15:00,3802.61,3802.61,3802.07,3802.07,0.10874149,413.47479819,3802.3646558
13:16:00,3800.24,3800.24,3800.24,3800.24,0.40116957,1524.5406467,3800.24
13:17:00,,,,,,,
13:18:00,3800.53,3803.83,3800.53,3803.83,3.08404109,11721.195118,3800.5962876
13:19:00,3803.83,3805.98,3803.83,3805.98,0.59061325,2247.2975444,3805.0239212
13:20:00,3806.73,3806.73,3806.73,3806.73,0.02937775,111.83316226,3806.73
13:21:00,3805.42,3805.42,3803.81,3803.81,1.06619126,4057.2508882,3805.3687368
13:22:00,,,,,,,
13:23:00,3805.08,3805.08,3804.5,3804.5,0.624851,2377.6063315,3805.0772608
13:24:00,,,,,,,
13:25:00,,,,,,,
13:26:00,3804.17,3804.17,3804.17,3804.17,0.15753992,599.30863747,3804.17
13:27:00,3804.29,3804.29,3804.29,3804.29,0.74201231,2822.8300108,3804.29
13:28:00,3808.49,3808.49,3808.49,3808.49,0.09096301,346.43171395,3808.49
13:29:00,3806.81,3806.81,3806.81,3806.81,0.590362,2247.3959652,3806.81
13:30:00,3806.73,3806.73,3806.73,3806.73,0.059004,224.61229692,3806.73
13:31:00,3804.43,3804.43,3804.43,3804.43,0.15561755,592.03607575,3804.43
13:32:00,3804.25,3804.43,3804.25,3804.43,0.04446792,169.17418889,3804.4097607
13:33:00,3804.43,3806.73,3804.43,3806.73,0.32620757,1241.1384695,3804.7506668
13:34:00,3806.73,3806.73,3803.64,3803.64,0.020655,78.60977097,3805.8470574
13:35:00,3802.25,3802.25,3802.25,3802.25,0.0659934,250.92340515,3802.25
13:36:00,3802.15,3805.77,3802.15,3805.77,0.39364009,1496.7881851,3802.4282159
13:37:00,3805.96,3805.96,3805.96,3805.96,0.01476,56.1759696,3805.96
13:38:00,3800.63,3801.24,3800.0,3801.24,2.00459664,7618.7501279,3800.6399771
13:39:00,3800.0,3803.42,3798.65,3803.42,7.47133315,28394.372302,3800.4425357
13:40:00,3800.0,3800.0,3800.0,3800.0,0.06312476,239.874088,3800.0
13:41:00,3800.0,3800.94,3798.29,3798.29,6.89355424,26195.696847,3800.0276686
13:42:00,3799.9,3801.4,3799.9,3801.4,7.57180537,28776.914775,3800.5354561
13:43:00,3801.34,3801.34,3800.26,3800.26,0.29700367,1128.7769132,3800.5487042
13:44:00,3801.4,3801.4,3800.0,3800.0,10.01040263,38039.544558,3800.0014549
13:45:00,3799.48,3799.83,3786.01,3786.01,38.90596831,147458.56121,3790.1270066
13:46:00,3786.02,3795.47,3774.38,3791.39,60.57429836,229414.10299,3787.3175457
13:47:00,3794.4,3803.79,3794.4,3798.65,13.34348574,50678.704184,3798.0108924
13:48:00,3800.45,3808.19,3800.45,3808.19,2.84654939,10833.540091,3805.8500336
13:49:00,3809.2,3810.36,3803.74,3803.74,14.29067132,54416.323562,3807.8213643
13:50:00,3808.07,3808.88,3808.07,3808.85,2.85412825,10871.005252,3808.8706253
13:51:00,3806.97,3807.41,3806.63,3807.41,4.19059593,15954.330187,3807.1745532
13:52:00,3808.07,3813.91,3808.07,3813.91,8.97296537,34197.009282,3811.1157094
13:53:00,3811.66,3811.8,3810.68,3810.68,8.09117979,30836.294112,3811.0998534
13:54:00,3808.77,3808.77,3806.87,3806.87,0.35132571,1337.7818644,3807.8108897
13:55:00,3807.94,3808.17,3805.67,3805.67,0.19948088,759.22836475,3806.0207312
13:56:00,3804.71,3805.97,3804.56,3804.56,0.42368403,1612.1999765,3805.1941126
13:57:00,3806.54,3810.88,3806.54,3810.88,5.77331631,21995.409031,3809.8395878
13:58:00,3809.51,3809.8,3809.51,3809.8,0.085556,325.93242548,3809.5799883
13:59:00,,,,,,,
14:00:00,3813.39,3813.39,3811.72,3812.87,9.63982103,36753.309915,3812.6547993
14:01:00,3811.43,3811.43,3811.43,3811.43,0.00174267,6.6420647181,3811.43
14:02:00,,,,,,,
14:03:00,3812.86,3812.86,3812.86,3812.86,0.17654464,673.13999607,3812.86
14:04:00,3810.23,3810.23,3806.43,3806.43,1.199,4564.28482,3806.7429691
14:05:00,3806.14,3806.14,3806.14,3806.14,0.035,133.2149,3806.14
14:06:00,3805.19,3806.17,3802.93,3804.16,1.20203124,4571.594392,3803.2242756
14:07:00,3806.35,3810.19,3806.35,3810.19,1.06080785,4040.687462,3809.0663281
14:08:00,3809.19,3809.19,3806.62,3806.62,3.84699547,14652.57899,3808.8370792
14:09:00,3808.88,3809.14,3808.21,3808.21,0.040742,155.18808643,3809.0443874
14:10:00,3807.28,3807.28,3807.28,3807.28,0.01,38.0728,3807.28
14:11:00,3808.94,3811.67,3808.94,3811.1,0.27778868,1058.2711916,3809.6267696
14:12:00,3811.64,3811.64,3811.64,3811.64,0.1811738,690.56930303,3811.64
14:13:00,3811.64,3811.64,3811.64,3811.64,0.031144,118.70971616,3811.64
14:14:00,3810.68,3810.68,3810.68,3810.68,0.07278746,277.36971807,3810.68
14:15:00,3810.68,3810.68,3810.68,3810.68,2.0,7621.36,3810.68
14:16:00,3810.22,3810.22,3810.22,3810.22,0.810609,3088.598624,3810.22
14:17:00,3810.23,3810.23,3806.5,3806.5,0.46029009,1752.3191096,3806.9885659
14:18:00,3806.74,3806.74,3806.74,3806.74,0.1152955,438.89999167,3806.74
14:19:00,,,,,,,
14:20:00,3808.52,3808.52,3806.39,3806.39,0.1017003,387.14994558,3806.7728962
14:21:00,3809.82,3809.82,3808.6,3808.6,0.08341351,317.7177513,3808.9483503
14:22:00,3806.14,3806.14,3805.33,3805.36,0.44518338,1694.4180807,3806.1126198
14:23:00,3806.45,3806.45,3806.45,3806.45,0.02096441,79.799978444,3806.45
14:24:00,3803.83,3803.83,3803.83,3803.83,0.95615636,3637.0562469,3803.83
14:25:00,3804.76,3804.76,3804.76,3804.76,0.01476,56.1582576,3804.76
14:26:00,3804.1,3804.76,3804.1,3804.1,1.43589161,5463.2107495,3804.7514948
14:27:00,3804.83,3805.38,3804.83,3805.38,1.92605545,7329.3607064,3805.3736752
14:28:00,3806.73,3806.73,3805.4,3805.4,0.65239832,2483.3284438,3806.4605129
14:29:00,,,,,,,
14:30:00,3805.4,3806.44,3805.4,3806.44,2.00475977,7628.9177789,3805.4024692
14:31:00,3809.88,3809.88,3809.03,3809.03,0.21579818,821.99548255,3809.0936751
14:32:00,3807.77,3807.77,3807.77,3807.77,0.1679832,639.64138946,3807.77
14:33:00,3808.67,3808.67,3808.67,3808.67,0.569277,2168.1882316,3808.67
14:34:00,,,,,,,
14:35:00,,,,,,,
14:36:00,3808.27,3808.28,3808.27,3808.28,0.72214468,2750.128879,3808.2796358
14:37:00,3808.66,3808.66,3808.27,3808.27,1.67843422,6392.5622289,3808.6462685
14:38:00,,,,,,,
14:39:00,3808.27,3808.27,3807.81,3807.81,0.11356188,432.46493888,3808.1875616
14:40:00,3807.8,3807.8,3807.8,3807.8,0.01243,47.330954,3807.8
14:41:00,,,,,,,
14:42:00,3806.99,3806.99,3806.99,3806.99,0.05407088,205.84729945,3806.99
14:43:00,3807.91,3807.91,3807.91,3807.91,0.25406517,967.45730149,3807.91
14:44:00,3806.99,3806.99,3806.65,3806.65,0.5021153,1911.4631174,3806.8210975
14:45:00,3804.1,3806.38,3804.1,3804.1,2.07557778,7900.1554329,3806.2439813
14:46:00,3803.62,3804.57,3802.97,3804.57,4.625246,17592.768387,3803.639501
14:47:00,3804.63,3806.02,3804.63,3805.46,5.33393318,20294.030448,3804.7027892
14:48:00,3805.46,3805.46,3805.46,3805.46,0.37327681,1420.4899694,3805.46
14:49:00,3805.41,3805.41,3805.41,3805.41,0.00298341,11.353098248,3805.41
14:50:00,,,,,,,
14:51:00,3803.85,3803.85,3803.65,3803.65,0.1196114,454.96462581,3803.6894962
14:52:00,3803.54,3803.8,3801.58,3801.58,4.39091046,16693.195097,3801.7616732
14:53:00,3803.07,3803.07,3801.72,3801.72,0.730242,2776.5471929,3802.2288405
14:54:00,3800.0,3800.0,3797.05,3797.63,15.78357509,59959.486781,3798.8533294
14:55:00,3797.63,3801.17,3797.03,3801.17,5.02366873,19085.390214,3799.0940962
14:56:00,3801.01,3801.17,3801.01,3801.11,8.58178497,32620.770145,3801.1637741
14:57:00,3800.76,3801.11,3797.38,3798.26,0.71966588,2733.7344025,3798.6161057
14:58:00,3797.04,3799.9,3797.04,3799.9,4.35895008,16560.802394,3799.2640636
14:59:00,3801.43,3801.43,3801.43,3801.43,0.04141,157.4172163,3801.43
15:00:00,3799.83,3799.83,3798.24,3799.57,2.72962106,10371.388183,3799.5706933
15:01:00,3801.43,3801.43,3798.08,3798.96,3.86228713,14676.679168,3799.9969122
15:02:00,3798.14,3799.5,3798.14,3799.5,0.2662834,1011.5417536,3798.7413169
15:03:00,3798.1,3798.73,3797.6,3797.6,2.95802282,11234.930837,3798.1217593
15:04:00,3797.6,3798.7,3797.6,3798.7,1.206922,4583.5458215,3797.7150317
15:05:00,3798.15,3799.68,3797.6,3799.68,1.25997353,4785.2800658,3797.9211086
15:06:00,3799.68,3799.68,3799.68,3799.68,1.67896948,6379.5467538,3799.68
15:07:00,3799.68,3799.68,3799.64,3799.64,0.05932703,225.42211575,3799.6528016
15:08:00,3798.88,3798.88,3798.88,3798.88,1.6,6078.208,3798.88
15:09:00,3797.7,3797.7,3797.7,3797.7,0.0022,8.35494,3797.7
15:10:00,,,,,,,
15:11:00,,,,,,,
15:12:00,3799.68,3799.68,3799.68,3799.68,0.02553727,97.033454074,3799.68
15:13:00,3799.23,3799.23,3799.23,3799.23,0.06235474,236.89999885,3799.23
15:14:00,3798.6,3798.82,3798.6,3798.82,3.0816876,11706.686298,3798.7907333
15:15:00,,,,,,,
15:16:00,3799.29,3799.57,3799.19,3799.19,2.35843254,8960.4234451,3799.3130154
15:17:00,3797.64,3798.53,3797.64,3798.32,0.18592001,706.16422611,3798.2152976
15:18:00,3798.64,3798.66,3797.75,3798.66,1.76499245,6704.096685,3798.3713103
15:19:00,3798.66,3798.66,3798.66,3798.66,0.02198342,83.507538217,3798.66
15:20:00,3798.79,3799.68,3798.79,3799.68,3.12457501,11872.094557,3799.5869899
15:21:00,3800.55,3800.55,3800.55,3800.55,0.1,380.055,3800.55
15:22:00,3798.92,3799.48,3798.92,3799.48,1.61122018,6121.4565662,3799.2675627
15:23:00,3799.45,3799.75,3799.14,3799.14,1.26763099,4816.2214025,3799.3875508
15:24:00,3797.3,3797.3,3797.3,3797.3,0.13188054,500.78997454,3797.3
15:25:00,,,,,,,
15:26:00,3796.55,3796.55,3796.55,3796.55,0.01748073,66.366465482,3796.55
15:27:00,3795.1,3795.1,3786.53,3787.69,23.06727271,87454.947489,3791.2998467
15:28:00,3789.21,3798.42,3789.21,3798.42,22.85130869,86680.880567,3793.2567339
15:29:00,3797.73,3797.73,3795.52,3795.52,2.65991192,10097.129271,3796.0389573
15:30:00,3792.19,3792.19,3792.18,3792.18,0.95535223,3622.8765594,3792.1893577
15:31:00,3791.64,3795.85,3791.64,3795.03,12.63228465,47924.515389,3793.8121818
15:32:00,3795.91,3797.27,3795.33,3797.21,1.1411442,4331.7281278,3795.9515789
15:33:00,3795.31,3795.31,3792.57,3792.57,0.46598614,1767.8115338,3793.6998166
15:34:00,3792.57,3795.23,3792.57,3794.34,1.11526714,4230.5106163,3793.2711048
15:35:00,3790.3,3790.3,3790.3,3790.3,0.89398843,3388.4843462,3790.3
15:36:00,3788.47,3794.73,3783.19,3794.73,1.64881438,6245.6339284,3787.9545473
15:37:00,3796.97,3796.97,3794.93,3796.52,0.14385983,546.11358548,3796.1506383
15:38:00,3799.06,3800.4,3796.48,3796.48,3.37364226,12808.376944,3796.6019977
15:39:00,3800.03,3800.95,3799.78,3799.78,2.42,9196.8876,3800.3667769
15:40:00,3797.08,3798.43,3796.27,3796.27,1.6796013,6376.3860881,3796.3688693
15:41:00,3796.19,3796.88,3796.12,3796.88,1.63206739,6195.7027401,3796.2297256
15:42:00,3796.8,3796.8,3793.26,3793.26,1.2825753,4866.0795144,3793.991288
15:43:00,3793.26,3794.97,3791.29,3791.29,2.63958982,10010.686777,3792.5160574
15:44:00,3793.08,3796.24,3791.8,3791.8,5.8294166,22124.881975,3795.3852836
15:45:00,3792.54,3795.13,3792.54,3792.98,1.97276126,7484.8116915,3794.0788089
15:46:00,3789.92,3789.92,3787.89,3787.89,0.69019786,2614.6557722,3788.2698915
15:47:00,3788.64,3788.64,3785.37,3787.16,5.64177765,21366.580501,3787.2071228
15:48:00,3788.24,3788.54,3787.69,3788.54,8.49160234,32168.955032,3788.3256592
15:49:00,3789.19,3789.19,3783.27,3787.4,21.70362626,82169.29192,3785.9706454
15:50:00,3787.14,3788.22,3787.14,3788.22,0.1847624,699.72908482,3787.1833491
15:51:00,3787.99,3787.99,3787.99,3787.99,0.028804,109.10926396,3787.99
15:52:00,3788.4,3791.84,3788.4,3791.84,1.14420649,4336.8024861,3790.2271347
15:53:00,3788.19,3788.19,3783.96,3786.4,1.70533902,6458.2415756,3787.0719545
15:54:00,3786.29,3786.29,3782.62,3782.62,1.07723847,4077.851724,3785.4679698
15:55:00,3782.61,3782.61,3782.61,3782.61,0.04270555,161.53844049,3782.61
15:56:00,3784.31,3789.68,3784.31,3789.68,3.42591238,12973.093833,3786.7558753
15:57:00,3784.17,3784.17,3784.17,3784.17,0.024525,92.80676925,3784.17
15:58:00,3783.6,3788.2,3783.6,3788.2,0.99609901,3769.6901309,3784.4532451
15:59:00,3787.63,3787.63,3787.63,3787.63,0.02,75.7526,3787.63
16:00:00,3783.48,3783.48,3778.01,3778.6,8.49807481,32120.219385,3779.705416
16:01:00,3778.84,3783.76,3775.64,3783.76,6.47322619,24464.042875,3779.2658803
16:02:00,3784.5,3785.48,3774.66,3774.66,1.86230391,7040.6214719,3780.5974815
16:03:00,3776.43,3776.43,3772.55,3773.77,2.0900456,7886.9883768,3773.5963162
16:04:00,3773.71,3779.95,3772.48,3779.95,2.90093731,10952.462813,3775.491037
16:05:00,3781.24,3783.13,3778.4,3778.4,5.93084831,22426.85288,3781.3904028
16:06:00,3779.71,3784.46,3779.71,3784.46,4.15682376,15713.347233,3780.1331353
16:07:00,3782.76,3782.76,3782.76,3782.76,0.0020232,7.653280032,3782.76
16:08:00,3785.75,3789.25,3785.75,3789.25,0.04497187,170.33192189,3787.5214416
16:09:00,3789.13,3789.13,3789.13,3789.13,0.27798424,1053.3184233,3789.13
16:10:00,3789.65,3789.65,3789.65,3789.65,0.0437141,165.66113906,3789.65
16:11:00,3790.33,3792.41,3789.9,3792.41,0.69347383,2628.7513037,3790.7000812
16:12:00,3792.73,3792.73,3792.73,3792.73,0.0283944,107.69229271,3792.73
16:13:00,,,,,,,
16:14:00,3795.2,3796.68,3795.2,3796.68,0.12767347,484.61532047,3795.7401837
16:15:00,3795.74,3795.74,3791.33,3791.33,0.22538624,854.58818047,3791.6608417
16:16:00,3794.29,3794.29,3794.29,3794.29,0.07468729,283.38523757,3794.29
16:17:00,3793.32,3795.23,3793.18,3793.18,0.26571217,1008.0721997,3793.8503143
16:18:00,,,,,,,
16:19:00,3792.0,3792.0,3792.0,3792.0,0.03,113.76,3792.0
16:20:00,,,,,,,
16:21:00,3794.73,3794.73,3794.73,3794.73,0.04619828,175.30999906,3794.73
16:22:00,3794.08,3794.08,3791.31,3791.31,0.50211635,1903.6846012,3791.3216752
16:23:00,3792.78,3794.43,3792.78,3794.43,0.67637126,2565.4693202,3792.9898443
16:24:00,3795.01,3795.01,3794.17,3794.17,0.15358689,582.7976939,3794.579693
16:25:00,,,,,,,
16:26:00,3796.22,3796.22,3796.22,3796.22,0.37368487,1418.5899772,3796.22
16:27:00,3794.69,3794.69,3794.69,3794.69,0.15532731,589.41898998,3794.69
16:28:00,3794.6,3795.09,3794.6,3795.09,0.137605,522.21755589,3795.0478245
16:29:00,3794.69,3795.5,3794.69,3795.5,5.0,18974.28,3794.856
16:30:00,3795.1,3795.1,3795.07,3795.07,1.10183507,4181.5440103,3795.0725332
16:31:00,3794.98,3794.98,3793.49,3793.49,0.48854434,1853.4229628,3793.766115
16:32:00,3793.49,3795.68,3791.66,3791.66,0.12448081,472.35855357,3794.6294981
16:33:00,3792.14,3793.08,3790.84,3793.08,0.37245675,1412.1119497,3791.3447661
16:34:00,3789.87,3790.89,3789.64,3789.64,0.77264948,2928.4397297,3790.1270957
16:35:00,3790.85,3790.96,3790.36,3790.36,0.13696444,519.18301602,3790.6409578
16:36:00,,,,,,,
16:37:00,3790.31,3790.31,3790.31,3790.31,0.007404,28.06345524,3790.31
16:38:00,3790.14,3790.14,3790.14,3790.14,0.02812552,106.59965837,3790.14
16:39:00,3788.16,3788.16,3786.99,3786.99,0.07093384,268.65719463,3787.4333975
16:40:00,3786.84,3789.2,3786.84,3789.2,1.85930104,7044.1748646,3788.6144917
16:41:00,3789.77,3793.48,3789.77,3791.01,1.16695083,4423.0165304,3790.2338442
16:42:00,3790.53,3790.53,3790.48,3790.48,0.46643263,1768.0149937,3790.5045231
16:43:00,,,,,,,
16:44:00,,,,,,,
16:45:00,3789.4,3791.2,3789.4,3791.2,3.18970411,12090.138711,3790.3637123
16:46:00,3788.7,3791.23,3788.7,3791.23,0.29799988,1129.7061424,3790.961736
16:47:00,3788.85,3788.85,3788.85,3788.85,0.06147793,232.93065508,3788.85
16:48:00,3788.85,3790.08,3788.85,3790.08,1.31505,4983.5239943,3789.6079954
16:49:00,3790.36,3790.36,3787.66,3788.42,1.83625222,6957.8603192,3789.1637344
16:50:00,3790.11,3791.61,3790.11,3791.61,0.3255622,1234.3343931,3791.3934515
16:51:00,3791.52,3791.52,3790.56,3790.56,0.09100104,345.02067886,3791.3927012
16:52:00,3792.46,3792.46,3792.46,3792.46,0.20157763,764.47509867,3792.46
16:53:00,3792.02,3792.02,3792.02,3792.02,0.002962,11.23196324,3792.02
16:54:00,3792.02,3792.02,3791.11,3791.11,0.03665936,138.99166555,3791.4373178
16:55:00,,,,,,,
16:56:00,3791.83,3791.83,3791.83,3791.83,0.364,1380.22612,3791.83
16:57:00,3791.83,3791.83,3791.83,3791.83,0.10606025,402.16243776,3791.83
16:58:00,3789.97,3789.97,3789.97,3789.97,0.018746,71.04677762,3789.97
16:59:00,3791.84,3791.84,3791.84,3791.84,0.04937198,187.21064864,3791.84
17:00:00,3789.77,3789.77,3789.63,3789.63,0.21754053,824.42807571,3789.7677077
17:01:00,3789.03,3789.29,3788.06,3789.29,6.75756498,25604.426599,3789.0019075
17:02:00,3790.84,3790.84,3788.9,3788.9,0.61299898,2323.0977857,3789.725369
17:03:00,3788.9,3790.02,3788.9,3790.02,1.32013222,5002.0673776,3789.065445
17:04:00,3788.55,3788.55,3788.55,3788.55,0.43330477,1641.5967864,3788.55
17:05:00,3790.27,3790.27,3790.27,3790.27,0.137,519.26699,3790.27
17:06:00,3786.6,3786.6,3786.6,3786.6,1.0,3786.6,3786.6
17:07:00,3787.61,3789.84,3787.61,3789.84,9.48006139,35916.085459,3788.5920757
17:08:00,3789.82,3789.82,3789.82,3789.82,0.07293497,276.41040801,3789.82
17:09:00,3790.34,3790.34,3790.34,3790.34,0.36627582,1388.3098916,3790.34
17:10:00,3790.02,3790.02,3790.02,3790.02,0.0990875,375.54360675,3790.02
17:11:00,3788.34,3790.02,3788.34,3790.02,0.17989875,681.53008105,3788.4092083
17:12:00,3790.06,3790.06,3790.06,3790.06,0.002965,11.2375279,3790.06
17:13:00,3788.94,3788.94,3788.94,3788.94,0.0710093,269.04997714,3788.94
17:14:00,3788.94,3789.88,3788.94,3789.88,4.8737268,18470.396509,3789.7890601
17:15:00,3790.83,3790.83,3790.83,3790.83,0.03250475,123.21998144,3790.83
17:16:00,,,,,,,
17:17:00,3790.83,3790.83,3790.83,3790.83,0.01228725,46.578875917,3790.83
17:18:00,3791.77,3791.78,3791.77,3791.78,1.58382864,6005.5142523,3791.7702084
17:19:00,3792.35,3792.35,3792.35,3792.35,0.00262897,9.9699743795,3792.35
17:20:00,3792.35,3793.16,3792.35,3792.99,1.13077818,4289.2026164,3793.1423619
17:21:00,3792.99,3792.99,3792.97,3792.97,0.44874,1702.0621326,3792.9806405
17:22:00,3792.22,3792.22,3792.22,3792.22,4.34518011,16477.878917,3792.22
17:23:00,3791.11,3792.54,3791.11,3792.54,0.09364031,355.12171539,3792.4021759
17:24:00,3792.76,3792.76,3792.76,3792.76,3.51602751,13335.448499,3792.76
17:25:00,3792.67,3792.67,3792.67,3792.67,0.407171,1544.2652366,3792.67
17:26:00,,,,,,,
17:27:00,3789.42,3790.16,3789.42,3790.16,0.20279119,768.60716085,3790.1407889
17:28:00,3790.16,3791.31,3790.16,3791.31,7.02368014,26624.120344,3790.6225531
17:29:00,,,,,,,
17:30:00,3790.58,3790.58,3789.4,3789.62,8.90323363,33739.203447,3789.5448832
17:31:00,,,,,,,
17:32:00,3789.48,3789.48,3788.21,3788.21,0.08489091,321.59842563,3788.3729321
17:33:00,3789.48,3789.54,3788.21,3789.54,0.13521641,512.38398871,3789.362465
17:34:00,,,,,,,
17:35:00,3789.49,3789.49,3789.48,3789.49,5.56656548,21094.440069,3789.4892542
17:36:00,3789.55,3789.55,3789.55,3789.55,2.5,9473.875,3789.55
17:37:00,3789.62,3789.84,3789.62,3789.84,1.3176631,4993.5904384,3789.7323211
17:38:00,,,,,,,
17:39:00,3789.69,3790.25,3789.69,3790.25,0.46273532,1753.6394842,3789.7247269
17:40:00,3790.17,3790.17,3790.17,3790.17,0.02208257,83.696694337,3790.17
17:41:00,3788.98,3790.17,3788.98,3790.17,5.0076861,18979.977014,3790.1690792
17:42:00,,,,,,,
17:43:00,3789.86,3789.86,3788.36,3788.36,5.33955447,20230.827964,3788.8606769
17:44:00,3788.59,3789.97,3788.59,3789.97,5.07242246,19217.795898,3788.6820448
17:45:00,3789.97,3789.97,3789.97,3789.97,0.02125082,80.539970275,3789.97
17:46:00,3790.73,3790.73,3790.73,3790.73,0.023955,90.80693715,3790.73
17:47:00,3791.49,3791.49,3791.49,3791.49,0.01850334,70.155228577,3791.49
17:48:00,,,,,,,
17:49:00,,,,,,,
17:50:00,3789.68,3791.49,3789.68,3791.49,0.25958172,983.75122186,3789.7553875
17:51:00,,,,,,,
17:52:00,3791.49,3791.49,3791.49,3791.49,0.00553473,20.984873448,3791.49
17:53:00,,,,,,,
17:54:00,3790.5,3790.5,3790.5,3790.5,0.08229334,311.93290527,3790.5
17:55:00,3790.5,3790.5,3790.5,3790.5,0.080932,306.772746,3790.5
17:56:00,3790.5,3790.5,3790.5,3790.5,0.071124,269.595522,3790.5
17:57:00,3790.13,3790.5,3790.13,3790.5,0.30627332,1160.9081988,3790.4320194
17:58:00,3789.94,3790.07,3789.94,3790.07,3.65732236,13861.045794,3789.9436882
17:59:00,,,,,,,
18:00:00,3790.06,3790.06,3789.22,3789.22,5.23545843,19838.497212,3789.2569442
18:01:00,3787.26,3789.67,3787.26,3788.36,0.31368363,1188.2577434,3788.076998
18:02:00,3788.36,3790.03,3788.36,3790.03,0.39909953,1512.55074,3789.9085974
18:03:00,3790.03,3790.03,3790.03,3790.03,0.034384,130.31639152,3790.03
18:04:00,,,,,,,
18:05:00,3790.03,3790.03,3790.03,3790.03,0.07012485,265.77528525,3790.03
18:06:00,3788.26,3788.26,3788.26,3788.26,0.03908399,148.06031596,3788.26
18:07:00,3790.02,3790.03,3789.42,3789.42,0.28972721,1097.9499512,3789.5990205
18:08:00,,,,,,,
18:09:00,,,,,,,
18:10:00,3789.43,3789.43,3789.43,3789.43,0.044473,168.52732039,3789.43
18:11:00,3790.36,3790.36,3790.36,3790.36,0.084,318.39024,3790.36
18:12:00,3790.37,3790.37,3788.78,3788.86,2.0252104,7673.4461708,3788.9624558
18:13:00,3787.22,3788.08,3786.8,3788.08,3.26665376,12371.537979,3787.2204672
18:14:00,3788.08,3788.08,3788.08,3788.08,0.06075284,230.13661815,3788.08
18:15:00,3788.16,3788.16,3788.16,3788.16,0.17995587,681.7016285,3788.16
18:16:00,3788.16,3790.03,3788.16,3790.03,0.15423544,584.50230214,3789.6757201
18:17:00,3790.03,3790.03,3788.11,3788.11,1.10633078,4192.9155245,3789.9293777
18:18:00,3790.03,3790.03,3790.03,3790.03,0.00774927,29.369965778,3790.03
18:19:00,3789.06,3789.06,3787.58,3787.58,0.57466406,2176.9659632,3788.2410172
18:20:00,,,,,,,
18:21:00,3788.35,3788.35,3788.35,3788.35,0.11328197,429.15175105,3788.35
18:22:00,3788.65,3788.65,3788.65,3788.65,0.738909,2799.4675828,3788.65
18:23:00,3789.04,3789.04,3789.04,3789.04,0.164302,622.54685008,3789.04
18:24:00,3788.36,3788.37,3788.36,3788.37,0.18484587,700.26395077,3788.3667662
18:25:00,3789.02,3789.02,3789.02,3789.02,0.642,2432.55084,3789.02
18:26:00,,,,,,,
18:27:00,3789.88,3791.13,3789.88,3791.13,5.10407306,19348.89322,3790.8730915
18:28:00,,,,,,,
18:29:00,3791.13,3791.13,3791.13,3791.13,0.02699518,102.34223675,3791.13
18:30:00,3791.13,3791.9,3791.13,3791.9,0.42100937,1596.2594424,3791.5057386
18:31:00,3791.9,3791.9,3791.9,3791.9,0.09371291,355.34998343,3791.9
18:32:00,3791.9,3791.9,3791.89,3791.9,1.32480657,5023.5337345,3791.8997748
18:33:00,,,,,,,
18:34:00,,,,,,,
18:35:00,,,,,,,
18:36:00,3792.07,3792.08,3792.07,3792.08,0.03479692,131.95260631,3792.0771814
18:37:00,3792.08,3792.08,3792.08,3792.08,0.0599369,227.28551975,3792.08
18:38:00,3792.08,3792.84,3792.08,3792.84,1.32387135,5021.2078348,3792.8215871
18:39:00,3793.03,3793.03,3793.03,3793.03,0.109,413.44027,3793.03
18:40:00,,,,,,,
18:41:00,3793.87,3793.87,3793.87,3793.87,0.3,1138.161,3793.87
18:42:00,3793.88,3793.88,3793.35,3793.35,0.6680683,2534.355571,3793.5575913
18:43:00,,,,,,,
18:44:00,3793.98,3793.98,3793.98,3793.98,0.1125,426.82275,3793.98
18:45:00,,,,,,,
18:46:00,3793.87,3793.87,3793.87,3793.87,0.0373,141.511351,3793.87
18:47:00,3793.98,3794.88,3792.1,3792.1,1.18471511,4493.0640266,3792.526987
18:48:00,3792.72,3792.72,3792.72,3792.72,0.004867,18.45916824,3792.72
18:49:00,3791.45,3791.45,3791.45,3791.45,0.004295,16.28427775,3791.45
18:50:00,3791.45,3791.93,3790.51,3791.93,0.48670805,1845.272938,3791.3343286
18:51:00,,,,,,,
18:52:00,3792.4,3792.82,3792.4,3792.82,0.28195215,1069.3765336,3792.7589258
18:53:00,3791.1,3791.1,3791.1,3791.1,0.03711709,140.7145999,3791.1
18:54:00,3789.32,3789.32,3789.32,3789.32,5.2972458,20072.959455,3789.32
18:55:00,3790.28,3791.06,3790.26,3791.06,6.94389914,26320.528179,3790.4536988
18:56:00,,,,,,,
18:57:00,3791.06,3791.06,3790.15,3790.15,2.0694976,7845.4603644,3790.997566
18:58:00,3791.06,3791.06,3791.06,3791.06,0.33940556,1286.7068423,3791.06
18:59:00,3790.15,3791.06,3790.15,3791.06,0.64186659,2433.318829,3791.0040293
19:00:00,3790.04,3790.04,3790.04,3790.04,0.0039185,14.85127174,3790.04
19:01:00,,,,,,,
19:02:00,3788.9,3788.9,3786.96,3788.88,1.00259983,3798.7120866,3788.8616903
19:03:00,3788.88,3788.88,3788.88,3788.88,0.17060459,646.40031896,3788.88
19:04:00,3788.88,3789.12,3788.88,3789.12,1.28077656,4852.8603432,3788.9984052
19:05:00,3789.12,3789.81,3789.12,3789.73,0.93325941,3536.5612036,3789.4728579
19:06:00,3789.73,3790.86,3789.73,3790.86,1.05385199,3994.0035323,3789.9093707
19:07:00,3790.95,3790.95,3790.95,3790.95,0.021644,82.0513218,3790.95
19:08:00,3791.06,3791.06,3791.06,3791.06,0.14697182,557.17898793,3791.06
19:09:00,3791.05,3791.05,3791.05,3791.05,0.026375,99.98894375,3791.05
19:10:00,3786.75,3786.75,3786.75,3786.75,0.013257,50.20094475,3786.75
19:11:00,3785.0,3785.0,3784.83,3784.83,1.16564019,4411.9199603,3784.9758426
19:12:00,3786.32,3787.32,3786.32,3787.31,0.18663468,706.80924331,3787.1270404
19:13:00,3786.69,3786.69,3786.69,3786.69,0.22874372,866.18155709,3786.69
19:14:00,3788.47,3791.06,3788.47,3791.06,1.38165022,5237.7844105,3790.9626725
19:15:00,3790.48,3791.06,3790.48,3791.06,3.5447,13436.470382,3790.5804108
19:16:00,,,,,,,
19:17:00,3789.74,3789.74,3788.92,3789.51,0.14733697,558.31149856,3789.3510268
19:18:00,,,,,,,
19:19:00,3789.21,3789.21,3789.21,3789.21,0.20280095,768.45538775,3789.21
19:20:00,3789.21,3789.21,3788.47,3788.47,0.31471261,1192.5063056,3789.1913693
19:21:00,,,,,,,
19:22:00,3788.82,3788.82,3788.82,3788.82,0.20968746,794.4680422,3788.82
19:23:00,3788.82,3788.82,3788.81,3788.81,0.22255509,843.21992554,3788.8143809
19:24:00,3788.82,3788.82,3788.82,3788.82,0.10813365,409.69893579,3788.82
19:25:00,3788.8,3788.8,3788.8,3788.8,0.27184165,1029.9536435,3788.8
19:26:00,3788.8,3788.8,3787.55,3788.79,0.39149998,1482.9391627,3787.8396896
19:27:00,3787.35,3787.95,3787.35,3787.95,1.25997871,4772.1836373,3787.5113281
19:28:00,3787.95,3788.79,3787.95,3788.79,0.289,1094.8752914,3788.4958179
19:29:00,3787.73,3788.04,3787.73,3788.04,0.31703942,1200.949827,3788.0142067
19:30:00,,,,,,,
19:31:00,,,,,,,
19:32:00,3788.04,3788.04,3788.04,3788.04,0.1721166,651.98456546,3788.04
19:33:00,3788.04,3788.04,3788.04,3788.04,0.02453527,92.940584171,3788.04
19:34:00,3788.04,3788.04,3788.04,3788.04,0.02349239,88.990113016,3788.04
19:35:00,3788.04,3788.04,3788.04,3788.04,0.29588853,1120.8375872,3788.04
19:36:00,3788.23,3789.89,3788.23,3789.61,2.34426217,8882.7772244,3789.1569203
19:37:00,3790.14,3790.14,3789.6,3789.6,0.07497,284.14331965,3790.0936328
19:38:00,3790.14,3790.14,3790.14,3790.14,0.481472,1824.8462861,3790.14
19:39:00,3790.14,3791.06,3790.14,3791.06,1.31631848,4989.9730968,3790.8554598
19:40:00,3791.06,3791.06,3791.06,3791.06,1.50244076,5695.8430676,3791.06
19:41:00,3791.06,3792.9,3791.05,3792.54,1.76662119,6698.2753711,3791.574226
19:42:00,3792.55,3792.55,3792.55,3792.55,0.25435548,964.65587567,3792.55
19:43:00,3792.55,3792.55,3792.55,3792.55,0.480969,1824.0989809,3792.55
19:44:00,3791.06,3792.55,3791.06,3792.55,0.819626,3107.9745214,3791.9423267
19:45:00,3792.55,3792.55,3792.47,3792.47,0.99218426,3762.8325067,3792.4734934
19:46:00,3791.98,3791.98,3791.96,3791.96,0.12068651,457.63963219,3791.9700569
19:47:00,3791.97,3792.22,3791.88,3791.88,0.70203637,2662.2045602,3792.1177221
19:48:00,3792.22,3792.22,3792.22,3792.22,0.13277095,503.49665201,3792.22
19:49:00,3792.22,3792.31,3792.22,3792.31,0.481136,1824.5771519,3792.2274615
19:50:00,3790.51,3792.06,3790.51,3792.06,0.21985786,833.45523211,3790.8821277
19:51:00,3792.06,3792.06,3792.06,3792.06,0.00853625,32.369972175,3792.06
19:52:00,3790.51,3790.51,3790.51,3790.51,0.09857097,373.63424749,3790.51
19:53:00,3792.31,3792.31,3792.31,3792.31,0.02770895,105.08092817,3792.31
19:54:00,3792.0,3792.0,3790.29,3790.29,0.30757961,1166.3368161,3791.9835327
19:55:00,3789.26,3789.26,3788.35,3788.35,0.02480131,93.968544601,3788.8540807
19:56:00,3788.35,3788.77,3788.35,3788.77,5.40381276,20473.654567,3788.7424077
19:57:00,3789.07,3789.07,3789.07,3789.07,1.05788276,4008.3918294,3789.07
19:58:00,3789.07,3789.07,3789.07,3789.07,0.044439,168.38248173,3789.07
19:59:00,,,,,,,
20:00:00,3789.07,3789.07,3789.07,3789.07,0.4646966,1760.7679462,3789.07
20:01:00,3789.07,3790.81,3789.07,3790.81,6.25943092,23717.941122,3789.1529478
20:02:00,3791.76,3792.35,3791.04,3791.04,0.20389341,773.17061982,3792.0333954
20:03:00,3791.04,3791.04,3791.04,3791.04,0.03749366,142.13996481,3791.04
20:04:00,3791.04,3791.04,3791.04,3791.04,0.014827,56.20975008,3791.04
20:05:00,,,,,,,
20:06:00,3792.28,3792.28,3791.63,3791.63,0.04416,167.4540848,3791.9856159
20:07:00,3792.28,3792.28,3792.28,3792.28,0.01845638,69.991760746,3792.28
20:08:00,3792.28,3792.28,3792.28,3792.28,0.12494066,473.8099661,3792.28
20:09:00,3792.12,3792.12,3792.12,3792.12,0.06,227.5272,3792.12
20:10:00,3792.12,3792.12,3792.12,3792.12,0.00922966,34.999978279,3792.12
20:11:00,3792.12,3792.28,3791.63,3792.28,0.31569915,1197.1124298,3791.9406175
20:12:00,3792.28,3792.28,3792.28,3792.28,0.18444955,699.48433947,3792.28
20:13:00,,,,,,,
20:14:00,3792.28,3792.28,3792.28,3792.28,0.002963,11.23652564,3792.28
20:15:00,3792.28,3792.28,3792.28,3792.28,0.120666,457.59925848,3792.28
20:16:00,,,,,,,
20:17:00,3792.28,3792.28,3792.28,3792.28,0.37192882,1410.4582255,3792.28
20:18:00,,,,,,,
20:19:00,3792.28,3792.71,3792.28,3792.71,0.24078741,913.13415874,3792.2836528
20:20:00,,,,,,,
20:21:00,,,,,,,
20:22:00,3792.71,3794.14,3792.71,3794.14,1.7354474,6584.1489336,3793.9201924
20:23:00,3792.93,3792.93,3792.93,3792.93,0.029615,112.32762195,3792.93
20:24:00,3792.71,3792.93,3792.71,3792.93,0.025795,97.837969821,3792.9044319
20:25:00,,,,,,,
20:26:00,3791.63,3791.63,3791.63,3791.63,0.15211967,576.78150436,3791.63
20:27:00,3791.63,3791.63,3791.63,3791.63,0.03180559,120.59502921,3791.63
20:28:00,3792.93,3792.93,3792.93,3792.93,0.00499613,18.949971361,3792.93
20:29:00,3792.93,3792.93,3792.93,3792.93,0.814306,3088.6056566,3792.93
20:30:00,3792.93,3792.93,3792.93,3792.93,0.02498332,94.759983928,3792.93
20:31:00,3792.93,3792.93,3792.93,3792.93,0.018288,69.36510384,3792.93
20:32:00,3792.93,3794.14,3792.78,3792.78,1.7051946,6469.6897159,3794.1063829
20:33:00,3794.14,3794.14,3794.14,3794.14,0.68947382,2615.9601994,3794.14
20:34:00,,,,,,,
20:35:00,3794.14,3794.14,3794.14,3794.14,0.03798712,144.12845148,3794.14
20:36:00,,,,,,,
20:37:00,3794.06,3794.06,3794.06,3794.06,0.00967155,36.694440993,3794.06
20:38:00,3794.05,3794.05,3794.05,3794.05,0.07985244,302.96414998,3794.05
20:39:00,,,,,,,
20:40:00,3794.05,3794.05,3794.05,3794.05,0.083878,318.2373259,3794.05
20:41:00,3794.05,3794.05,3794.05,3794.05,0.04895647,185.743295,3794.05
20:42:00,3794.05,3794.05,3794.05,3794.05,0.07670483,291.02196026,3794.05
20:43:00,3794.05,3794.05,3794.0,3794.0,0.57988259,2200.079143,3794.0079267
20:44:00,,,,,,,
20:45:00,3794.05,3794.05,3794.05,3794.05,0.32693239,1240.3978343,3794.05
20:46:00,,,,,,,
20:47:00,3792.8,3794.05,3792.8,3794.05,0.03782815,143.51119857,3793.7673021
20:48:00,,,,,,,
20:49:00,,,,,,,
20:50:00,,,,,,,
20:51:00,3794.05,3794.05,3794.05,3794.05,0.0185003,70.191063215,3794.05
20:52:00,3793.08,3793.08,3793.08,3793.08,0.00827311,31.380568079,3793.08
20:53:00,,,,,,,
20:54:00,3793.4,3793.4,3793.4,3793.4,0.12268784,465.40405226,3793.4
20:55:00,3793.08,3793.08,3793.08,3793.08,0.14,531.0312,3793.08
20:56:00,3793.08,3793.4,3793.08,3793.4,0.050862,192.9245828,3793.0986355
20:57:00,3791.63,3791.63,3791.63,3791.63,0.38596818,1463.4485303,3791.63
20:58:00,3793.09,3793.09,3793.09,3793.09,0.77117316,2925.1292015,3793.09
20:59:00,3793.09,3793.4,3793.09,3793.4,0.317771,1205.3381263,3793.1029776
21:00:00,3793.4,3793.4,3793.4,3793.4,0.06551009,248.50597541,3793.4
21:01:00,3793.4,3793.4,3793.08,3793.08,0.029513,111.9482142,3793.1831464
21:02:00,3792.27,3792.27,3792.27,3792.27,3.03775701,11519.994776,3792.27
21:03:00,3793.2,3793.2,3791.04,3791.74,3.827559,14517.652041,3792.9270434
21:04:00,3791.57,3791.57,3791.04,3791.04,0.04,151.6522,3791.305
21:05:00,3790.66,3791.45,3790.66,3791.45,0.04,151.6422,3791.055
21:06:00,3791.45,3791.45,3791.45,3791.45,0.6619338,2509.688906,3791.45
21:07:00,3791.45,3792.39,3790.66,3790.66,1.77267166,6721.1488282,3791.536233
21:08:00,3791.44,3791.44,3791.44,3791.44,0.30794895,1167.569967,3791.44
21:09:00,3791.43,3792.38,3790.76,3792.38,1.01303875,3840.3820525,3790.9527671
21:10:00,3790.66,3790.66,3789.1,3789.1,2.64797702,10033.982085,3789.3010434
21:11:00,3788.98,3788.98,3788.98,3788.98,0.04,151.5592,3788.98
21:12:00,3787.02,3787.85,3786.95,3787.85,0.62583523,2370.0701851,3787.0514018
21:13:00,3788.35,3788.35,3787.7,3787.7,0.08433611,319.47666224,3788.1360931
21:14:00,,,,,,,
21:15:00,,,,,,,
21:16:00,3787.21,3787.21,3787.21,3787.21,0.141398,535.50391958,3787.21
21:17:00,3786.89,3786.89,3786.89,3786.89,0.20264704,767.40204931,3786.89
21:18:00,3787.95,3791.86,3787.26,3790.96,17.36329314,65793.63915,3789.2373653
21:19:00,3790.96,3790.96,3790.14,3790.14,0.72073294,2731.9225712,3790.4783028
21:20:00,3789.63,3789.63,3789.63,3789.63,0.30746133,1165.16468,3789.63
21:21:00,3787.95,3789.66,3787.95,3789.66,1.32064637,5003.8480881,3788.9386605
21:22:00,3789.66,3789.66,3789.66,3789.66,0.45336839,1718.1120528,3789.66
21:23:00,3789.66,3789.83,3789.66,3789.83,0.063484,240.58600544,3789.710879
21:24:00,3789.87,3789.87,3789.87,3789.87,0.025484,96.58104708,3789.87
21:25:00,3790.77,3790.77,3790.77,3790.77,0.006499,24.63621423,3790.77
21:26:00,,,,,,,
21:27:00,3790.78,3790.83,3789.09,3789.09,0.17430561,660.657396,3790.2245143
21:28:00,,,,,,,
21:29:00,,,,,,,
21:30:00,3786.61,3786.61,3785.01,3785.01,0.95106329,3600.692976,3785.9656805
21:31:00,3787.07,3787.07,3785.54,3787.07,12.76001657,48313.207452,3786.2966076
21:32:00,3787.08,3788.58,3787.08,3788.58,0.05752403,217.89062625,3787.8192166
21:33:00,3788.58,3789.53,3788.58,3789.53,16.4197398,62218.745185,3789.264991
21:34:00,3790.11,3790.12,3790.11,3790.12,0.03342592,126.68794331,3790.1108873
21:35:00,3790.48,3790.9,3790.48,3790.9,0.08593463,325.76076887,3790.7973638
21:36:00,3790.9,3790.9,3789.66,3789.66,2.25389587,8542.3885199,3790.0546488
21:37:00,3789.66,3790.27,3788.47,3788.47,2.37720611,9008.329498,3789.460855
21:38:00,3790.9,3790.9,3789.63,3789.63,0.624354,2366.0962446,3789.6709953
21:39:00,3787.62,3788.78,3786.62,3788.78,6.27780589,23783.611722,3788.5229551
21:40:00,3788.78,3788.78,3788.78,3788.78,0.02095964,79.411464839,3788.78
21:41:00,3788.78,3788.78,3788.78,3788.78,0.09417124,356.79411069,3788.78
21:42:00,3788.78,3790.82,3788.78,3790.82,5.68437887,21541.756094,3789.6411528
21:43:00,3791.49,3791.49,3790.29,3791.49,0.28034097,1062.9039843,3791.4685975
21:44:00,3788.19,3790.72,3788.19,3790.72,0.23364381,885.66918768,3790.6811555
21:45:00,3788.19,3789.88,3788.19,3788.19,0.21704985,822.23283127,3788.2211449
21:46:00,3790.61,3790.61,3790.61,3790.61,0.0043064,16.323882904,3790.61
21:47:00,3791.16,3791.16,3789.63,3791.16,0.27081051,1026.4686909,3790.3576595
21:48:00,,,,,,,
21:49:00,3790.63,3790.63,3790.63,3790.63,0.6,2274.378,3790.63
21:50:00,3791.97,3791.97,3791.97,3791.97,0.140787,533.86008039,3791.97
21:51:00,,,,,,,
21:52:00,3792.3,3792.33,3792.3,3792.33,1.13084762,4288.5469348,3792.3296286
21:53:00,3792.33,3792.33,3790.34,3790.34,0.03515347,133.29542364,3791.8141121
21:54:00,3790.51,3790.51,3789.74,3789.74,0.01698149,64.36346493,3790.2130455
21:55:00,3788.19,3789.89,3788.19,3789.89,0.53865567,2041.4014687,3789.8078167
21:56:00,,,,,,,
21:57:00,3789.06,3789.89,3789.06,3789.89,0.41122298,1558.2561235,3789.3216072
21:58:00,3789.89,3789.89,3789.89,3789.89,0.81496,3088.6087544,3789.89
21:59:00,3790.58,3790.58,3790.58,3790.58,0.043952,166.60357216,3790.58
22:00:00,3789.39,3789.39,3789.39,3789.39,0.09487,359.4994293,3789.39
22:01:00,3790.57,3790.57,3790.57,3790.57,0.07499662,284.27993787,3790.57
22:02:00,3788.76,3789.68,3788.76,3789.68,0.51427797,1948.6545419,3789.1075557
22:03:00,3787.44,3787.44,3787.38,3787.38,0.440584,1668.6722161,3787.4099289
22:04:00,3788.46,3788.46,3787.4,3787.4,0.290716,1101.1939505,3787.8684024
22:05:00,3789.73,3789.73,3789.53,3789.53,0.17857328,676.71380264,3789.5580046
22:06:00,3789.53,3789.53,3789.53,3789.53,0.0250707,95.006169771,3789.53
22:07:00,3788.19,3788.19,3788.19,3788.19,0.30223156,1144.9105733,3788.19
22:08:00,3788.19,3788.19,3788.19,3788.19,0.01847028,69.968929993,3788.19
22:09:00,3788.19,3788.19,3788.19,3788.19,0.1659032,628.47284321,3788.19
22:10:00,3787.66,3788.19,3785.0,3787.67,7.58629101,28732.394842,3787.4100537
22:11:00,3788.87,3790.76,3788.87,3790.76,4.81659121,18250.040558,3788.9951135
22:12:00,3790.76,3791.22,3787.53,3787.53,2.46506015,9340.4361502,3789.1311294
22:13:00,,,,,,,
22:14:00,,,,,,,
22:15:00,3788.75,3788.75,3788.75,3788.75,0.010001,37.89128875,3788.75
22:16:00,,,,,,,
22:17:00,,,,,,,
22:18:00,3787.84,3787.85,3787.84,3787.85,0.24210894,917.07211264,3787.8490263
22:19:00,3788.01,3788.01,3787.2,3787.2,2.18667985,8281.7172523,3787.3478609
22:20:00,3787.46,3787.46,3787.46,3787.46,0.86962383,3293.6654712,3787.46
22:21:00,3787.46,3787.46,3787.46,3787.46,0.00677537,25.66144286,3787.46
22:22:00,3787.46,3787.46,3787.46,3787.46,0.86993806,3294.8556047,3787.46
22:23:00,3787.56,3787.56,3787.04,3787.04,0.03592497,136.05305781,3787.1446464
22:24:00,3785.81,3787.07,3785.81,3787.07,0.31942946,1209.6267071,3786.8351502
22:25:00,3787.08,3787.08,3787.08,3787.08,0.006506,24.63874248,3787.08
22:26:00,3788.02,3788.02,3785.98,3785.98,1.22647427,4645.891151,3788.0053945
22:27:00,3787.91,3787.91,3787.16,3787.16,0.19564017,741.01860055,3787.6607884
22:28:00,3787.16,3787.16,3787.15,3787.15,0.091711,347.32396365,3787.1570875
22:29:00,3788.1,3791.18,3785.26,3785.39,12.73042028,48221.460383,3787.8922551
22:30:00,3785.02,3785.02,3785.02,3785.02,0.0168876,63.919903752,3785.02
22:31:00,3788.7,3788.7,3788.7,3788.7,0.07793534,295.27362266,3788.7
22:32:00,3788.39,3790.12,3788.39,3790.12,0.34853354,1320.8203517,3789.6506366
22:33:00,3790.12,3790.12,3790.12,3790.12,0.059286,224.70105432,3790.12
22:34:00,3790.12,3790.12,3790.12,3790.12,0.09955861,377.33907893,3790.12
22:35:00,3789.68,3789.69,3789.68,3789.69,3.485,13207.043263,3789.6824283
22:36:00,3788.39,3788.39,3782.5,3782.5,1.0928858,4136.7159148,3785.1309943
22:37:00,3780.93,3782.08,3779.78,3782.08,20.46066614,77342.026642,3780.0346339
22:38:00,3782.08,3782.08,3779.78,3779.78,0.09861133,372.83928053,3780.8969875
22:39:00,3780.0,3782.08,3780.0,3782.08,2.341,8849.68928,3780.3029816
22:40:00,3782.5,3782.5,3782.5,3782.5,0.016637,62.9294525,3782.5
22:41:00,3782.5,3782.5,3782.5,3782.5,0.57261864,2165.9300058,3782.5
22:42:00,3782.11,3782.11,3782.11,3782.11,2.72463591,10304.872722,3782.11
22:43:00,,,,,,,
22:44:00,3781.66,3781.66,3778.34,3778.34,0.74861074,2830.4521074,3780.9397543
22:45:00,,,,,,,
22:46:00,,,,,,,
22:47:00,3780.63,3780.63,3780.63,3780.63,1.48802609,5625.6760766,3780.63
22:48:00,3780.63,3781.23,3780.63,3781.23,0.22822189,862.84213319,3780.7159216
22:49:00,3781.23,3781.23,3781.23,3781.23,0.01019608,38.553723578,3781.23
22:50:00,3781.59,3781.59,3781.59,3781.59,0.01168902,44.203081142,3781.59
22:51:00,,,,,,,
22:52:00,3781.59,3781.59,3781.59,3781.59,0.89365751,3379.4463032,3781.59
22:53:00,3779.27,3782.08,3777.92,3782.08,0.89527762,3382.8710482,3778.5721129
22:54:00,3780.46,3780.46,3777.8,3777.8,0.224786,849.25581028,3778.0636262
22:55:00,3781.07,3783.3,3781.07,3783.3,0.1636467,618.9287887,3782.1036947
22:56:00,,,,,,,
22:57:00,3781.1,3781.1,3781.1,3781.1,6.23185994,23563.285619,3781.1
22:58:00,,,,,,,
22:59:00,,,,,,,
23:00:00,3783.3,3783.32,3782.49,3782.83,6.93194722,26224.914587,3783.1959412
23:01:00,,,,,,,
23:02:00,3783.76,3786.25,3783.76,3786.25,0.07110872,269.1971823,3785.7126707
23:03:00,,,,,,,
23:04:00,,,,,,,
23:05:00,3784.63,3785.68,3784.63,3785.68,0.12074,456.98018868,3784.8284635
23:06:00,3785.68,3785.68,3785.68,3785.68,0.04809209,182.06126327,3785.68
23:07:00,3785.68,3785.68,3783.97,3785.68,0.34794396,1317.1873905,3785.6308542
23:08:00,3785.68,3785.68,3785.68,3785.68,0.15714254,594.89137083,3785.68
23:09:00,,,,,,,
23:10:00,3785.0,3789.41,3785.0,3789.41,0.07750421,293.46696907,3786.4648781
23:11:00,3783.94,3783.94,3783.94,3783.94,0.02,75.6788,3783.94
23:12:00,3789.14,3789.14,3789.14,3789.14,0.20049896,759.71862929,3789.14
23:13:00,3786.23,3789.41,3783.55,3789.41,4.97160316,18836.657298,3788.8497314
23:14:00,3782.93,3782.93,3782.93,3782.93,0.00572568,21.659846642,3782.93
23:15:00,,,,,,,
23:16:00,3787.22,3787.22,3783.04,3783.04,0.07769954,293.98753005,3783.6456953
23:17:00,3784.71,3786.7,3782.72,3785.2,2.16046199,8180.782501,3786.5894141
23:18:00,,,,,,,
23:19:00,,,,,,,
23:20:00,3786.99,3786.99,3786.99,3786.99,0.02502251,94.759995145,3786.99
23:21:00,3785.26,3785.26,3785.26,3785.26,0.07936389,300.41295826,3785.26
23:22:00,3785.26,3786.98,3785.26,3785.76,0.6636933,2512.8359039,3786.1402306
23:23:00,,,,,,,
23:24:00,3782.05,3782.05,3780.0,3780.0,2.47786052,9366.9358374,3780.2514556
23:25:00,3780.0,3783.2,3776.95,3783.2,58.26289904,220213.80553,3779.6575377
23:26:00,3780.51,3782.11,3776.65,3782.11,4.15323,15688.250246,3777.3612936
23:27:00,3781.92,3784.4,3777.47,3777.47,9.22228367,34850.683403,3778.9645873
23:28:00,3778.68,3778.68,3756.0,3765.18,23.39642552,88148.032478,3767.5854546
23:29:00,3764.26,3778.36,3757.4,3771.35,177.37865081,667546.69662,3763.3993357
23:30:00,3772.18,3780.22,3772.18,3780.22,13.7388433,51913.447162,3778.5893636
23:31:00,3780.22,3786.92,3774.46,3786.92,22.84119366,86253.592358,3776.2296333
23:32:00,3787.26,3787.26,3774.57,3779.98,3.57084217,13487.469115,3777.1115253
23:33:00,3772.43,3779.82,3772.43,3779.82,1.18227941,4466.8163629,3778.1393511
23:34:00,3786.15,3786.15,3786.12,3786.13,0.38347754,1451.8945369,3786.126658
23:35:00,3783.24,3783.24,3782.64,3782.64,0.75318655,2849.2072034,3782.8705298
23:36:00,3782.64,3782.64,3782.64,3782.64,0.28682046,1084.9385448,3782.64
23:37:00,3780.49,3780.49,3780.49,3780.49,2.44699396,9250.8361958,3780.49
23:38:00,,,,,,,
23:39:00,3784.52,3784.52,3780.39,3780.39,0.45740751,1729.2703804,3780.590267
23:40:00,3780.39,3780.39,3777.97,3777.97,3.4716218,13116.622592,3778.2406459
23:41:00,,,,,,,
23:42:00,3777.62,3777.62,3777.62,3777.62,1.38522415,5232.8504535,3777.62
23:43:00,3777.62,3780.19,3777.62,3780.19,9.55852625,36113.504351,3778.1456478
23:44:00,,,,,,,
23:45:00,3783.7,3783.71,3783.7,3783.71,0.15157222,573.50530866,3783.7098953
23:46:00,,,,,,,
23:47:00,3783.71,3783.71,3783.71,3783.71,1.82680263,6912.0913792,3783.71
23:48:00,,,,,,,
23:49:00,3783.13,3783.13,3783.13,3783.13,0.00392043,14.831496346,3783.13
23:50:00,,,,,,,
23:51:00,,,,,,,
23:52:00,3783.13,3783.13,3783.13,3783.13,0.0951312,359.89369666,3783.13
23:53:00,3784.0,3785.9,3784.0,3785.9,0.509,1926.53575,3784.9425344
23:54:00,,,,,,,
23:55:00,,,,,,,
23:56:00,3786.85,3787.72,3786.85,3787.72,0.20227585,766.00420256,3786.9286055
23:57:00,3787.72,3789.69,3787.72,3789.69,1.2216822,4628.0661867,3788.2734043
23:58:00,,,,,,,
23:59:00,3789.52,3789.52,3789.52,3789.52,0.37509763,1421.4399708,3789.52
